ID,Categoria,Modelo_EV,Marca_EV,Plazas_EV,Bateria_kWh,Quimica_Bateria,Autonomia_km,Consumo_kWh_100km,Potencia_kW_EV,Torque_Nm_EV,Tiempo_Carga_Rapida,Longitud_m_EV,Presencia_Mercado,Modelo_Combustion_Equivalente,Marca_ICE,Tipo_Combustible,Motor_Cilindrada,Potencia_ICE_hp,Potencia_ICE_kW,Torque_ICE_Nm,Rendimiento_ICE_km_L,Consumo_ICE_L_100km,Plazas_ICE,Longitud_m_ICE,Norma_Emisiones_ICE,Equivalente_Operativo_CDMX
VAN-01,Van / Combi,E Sunray,JAC,17,77.28,LFP,315,27.0,150,920,43 min (15-80%),5.99,LatAm (México),Sunray Pasajeros 2.8T,JAC,Diésel,2.8L CTI Turbo Diésel 4 cil,150,112,355,9.5,10.5,17,5.99,Euro V,Sustitución de microbús / van colectiva larga
VAN-02,Van / Combi,e-View (CS2 EV),Foton,16,50.23,LFP,235,22.0,85,290,40 min (20-80%),5.38,"LatAm, Asia",View CS2 Pasajeros,Foton,Gasolina / Diésel,2.4L Gasolina / 2.8L Cummins ISF,130,97,280,9.0,11.1,16,5.38,Euro V,Toyota Hiace / Nissan NV350 Urvan (Rutas ramal)
VAN-03,Van / Combi,eDeliver 9,Maxus,15,88.50,Iones de Litio,296,30.0,150,310,45 min (20-80%),5.94,"LatAm, Asia, Europa",Deliver 9 Pasajeros,Maxus,Diésel,2.0L Turbo Diésel SAIC D20,150,110,375,10.8,9.3,15,5.94,Euro VI,Van ejecutiva / colectivo intermedio
VAN-04,Van / Combi,E-Transit,Ford,15,89.00,Iones de Litio,230,31.0,198,430,28 min (10-80%),5.96,Global,Transit Pasajeros 3.5L V6,Ford,Gasolina,3.5L PFDi V6 Gasolina,275,205,355,7.8,12.8,15,5.98,EPA / Euro VI,Ford Transit tradicional de ruta CDMX
VAN-05,Van / Combi,Master E-Tech,Renault,15,52.00,Iones de Litio,200,26.0,57,225,1.5 horas,6.22,"LatAm, Europa",Master Minibús 2.3 dCi,Renault,Diésel,2.3L dCi Twin Turbo Diésel,136,100,360,11.0,9.1,16,6.20,Euro VI,Van colectiva suburbana / circuito hospitalario
VAN-06,Van / Combi,eSprinter,Mercedes-Benz,15,113.00,LFP,400,28.0,150,400,42 min (10-80%),6.90,Global,Sprinter 315 / 415 CDI,Mercedes-Benz,Diésel,2.0L OM654 Turbo Diésel 4 cil,150,110,400,10.2,9.8,16,6.97,Euro VI,Sprinter de transporte de pasajeros / servicio de zona
VAN-07,Van / Combi,e-Traveller,Peugeot,11,75.00,Iones de Litio,330,23.0,100,260,45 min (10-80%),5.30,"LatAm, Europa",Traveller 2.0 BlueHDi,Peugeot,Diésel,2.0L BlueHDi Diésel 4 cil,150,110,370,14.5,6.9,9,5.31,Euro 6d,Servicio especial / accesible hospitalario
VAN-08,Van / Combi,E6,Joylong,20,86.10,LFP,300,28.5,110,400,2 horas,5.99,"Asia, Oceanía",A6 Pasajeros Larga,Joylong,Gasolina / Diésel,2.4L Gasolina 4RB2 / 2.8L Diésel,139,102,217,8.5,11.8,20,5.99,Euro IV/V,Microbús corto / Colectivo alta densidad
VAN-09,Van / Combi,Haise EV,Jinbei,15,50.20,LFP,250,20.0,60,220,1.5 horas,5.38,Asia,Haise H2 Techo Alto,Jinbei,Gasolina,2.2L V19 Gasolina 4 cil,106,78,180,8.2,12.2,15,5.35,Euro IV,Sustitución directa de Nissan Urvan / Toyota Hiace
VAN-10,Van / Combi,EV50 / Rongguang,Wuling,11,43.20,LFP,250,17.0,60,220,1.5 horas,4.49,Asia (China),Rongguang Pasajeros,Wuling,Gasolina,1.5L L3C Gasolina 4 cil,99,73,135,13.5,7.4,11,4.49,China V / Euro V,Combi compacta / alimentadora barrial
VAN-11,Van / Combi,EC35,DFSK,11,38.70,LFP,268,16.0,60,200,1 hora (20-80%),4.50,"Asia, LatAm",C37 Minivan,DFSK,Gasolina,1.5L DK15 Gasolina 4 cil,115,85,148,12.8,7.8,11,4.50,Euro V,Combi compacta / circuito estrecho
MIDI-01,Midibús,Access-E,Volare (Marcopolo),26,150.00,LFP,250,60.0,180,800,1.5 horas,9.15,LatAm (Brasil),Fly 9 / W9 Pasajeros,Volare (Marcopolo),Diésel,Cummins ISF 3.8L / MB OM924LA,162,119,600,4.5,22.2,28,9.05,Euro VI / Proconve P8,Microbús de 28 plazas CDMX (Ruta 1 San Fernando)
MIDI-02,Midibús,K7 / B8,BYD,26,174.00,LFP,250,69.0,180,800,2 horas,8.75,Global,Runner 9 / Boxer 8,DINA / Mercedes-Benz,Diésel,Cummins ISF 3.8L / OM924LA,170,127,600,4.3,23.3,28,8.90,Euro V / VI,Sustitución estándar de microbús concesionado CDMX
MIDI-03,Midibús,E8,Yutong,28,115.90,LFP,250,46.0,120,600,1.5 horas,7.73,Global,ZK6770 / ZK6800,Yutong,Diésel,Cummins ISB4.5 / Yuchai YC4G,160,118,600,4.8,20.8,28,7.70,Euro V / VI,Midibús de alimentación Metro Universidad
MIDI-04,Midibús,Midibús 8m,Zhongtong,25,130.00,LFP,250,50.0,150,750,1.5 horas,8.00,"Asia, LatAm",LCK6809G Pasajeros,Zhongtong,Diésel,Cummins ISDe 4.5L Diésel,180,132,650,4.5,22.2,28,8.05,Euro V,Servicio zonal de mediana demanda CDMX
MIDI-05,Midibús,Midibús NJGD,Skywell,25,140.00,LFP,250,56.0,150,800,1.5 horas,8.50,"Asia, LatAm",XMQ6800G,King Long,Diésel / GNC,Cummins B4.5 / Yuchai GNC,180,132,700,4.4,22.7,27,8.50,Euro V / GNC,Corredores zonales con pendiente media
MIDI-06,Midibús,XMQ6850,King Long,26,160.00,LFP,260,61.0,160,850,2 horas,8.50,"Asia, LatAm",XMQ6850G Urbano,King Long,Gas Natural (GNC) / Diésel,Cummins B6.7G Gas / Cummins B4.5,190,140,750,4.0,25.0,28,8.50,Euro VI / GNC,Corredor ambiental Zona de Hospitales
MIDI-07,Midibús,County Electric,Hyundai,33,128.00,Iones de Litio,250,51.0,150,600,1.5 horas,7.71,Asia (Corea),County Diésel,Hyundai,Diésel,3.9L D4GA CRDi Turbo Diésel,170,125,608,5.2,19.2,33,7.71,Euro VI,Midibús urbano de alta capacidad de asientos
MIDI-08,Midibús,Poncho Z EV,Hino (Toyota),30,105.00,Iones de Litio,150,70.0,120,400,2 horas,6.99,Asia (Japón),Poncho Diésel Low Floor,Hino,Diésel,5.1L J05E-TS Turbo Diésel,180,132,530,5.5,18.2,30,6.99,Japón Post-PNLT / Euro VI,Microbús de piso bajo accesible para hospitales
MIDI-09,Midibús,Novociti Volt,Isuzu,52,211.00,LFP,300,70.0,255,2355,2.5 horas,7.99,"Asia, Europa",Novociti Life 8m,Isuzu,Diésel,4.5L FPT NEF4 / Isuzu 4HK1,186,137,680,3.8,26.3,54,8.01,Euro VI,Servicio zonal de alta afluencia / piso bajo
MIDI-10,Midibús,e-ATAK,Karsan,52,220.00,Iones de Litio (BMW),300,73.0,230,2500,3 horas,8.30,"Europa, Norteamérica",Atak 8m Diésel,Karsan,Diésel,4.5L FPT NEF4 Turbo Diésel,186,137,680,3.8,26.3,52,8.31,Euro VI,Alimentador accesible de gran maniobrabilidad
URB-01,Autobús 12m,Linner E,DINA,85,314.00,LFP,250,125.0,245,3000,3 horas,12.00,LatAm (México),Linner 12 Diésel / GNC,DINA,Diésel / GNC,Cummins B6.7 Diésel / Cummins L9N GNC,250,186,1000,2.8,35.7,85,12.00,Euro V / VI,Flota RTP CDMX / Corredores concesionados Eje Central
URB-02,Autobús 12m,E12,Yutong,85,352.10,LFP,320,110.0,215,1200,2.5 horas / Pantógrafo,11.97,Global,ZK6128HG Urbano,Yutong,Diésel / GNC,Cummins ISL8.9 / Yuchai YC6L,280,206,1200,2.7,37.0,85,11.97,Euro V / VI,Flota trolebús y autobuses RTP CDMX
URB-03,Autobús 12m,K9,BYD,85,324.00,LFP,250,129.0,300,1100,3 horas,12.00,Global,Torino O500U,Mercedes-Benz / Marcopolo,Diésel,Mercedes-Benz OM926LA / OM936,260,191,1000,2.8,35.7,85,12.00,Euro V / VI,Metrobús L4 / Líneas alimentadoras 12m
URB-04,Autobús 12m,Luminus,Volvo Buses,85,330.00,NMC (Litio),250,132.0,200,19000,2 horas / Pantógrafo,12.00,"LatAm, Europa",7900 / B8RLE 12m,Volvo Buses,Diésel,Volvo D8K Euro VI Turbo Diésel,280,206,1200,2.9,34.5,85,12.00,Euro VI,Metrobús / Corredores de alta capacidad CDMX
URB-05,Autobús 12m,Citywide Volt,Scania,85,330.00,NMC,250,132.0,250,2100,2.5 horas,12.00,"LatAm, Europa",Citywide K280UB,Scania,Diésel / Gas Natural (GNC),Scania DC09 9.3L / Scania OC09 GNC,280,206,1400,2.8,35.7,85,12.00,Euro VI,Corredor de Reforma / Insurgentes RTP
URB-06,Autobús 12m,eO500U,Mercedes-Benz,85,384.00,NMC3,250,150.0,250,3000,3 horas,12.00,LatAm (Brasil),O500U BlueTec 6,Mercedes-Benz,Diésel,Mercedes-Benz OM936 7.7L 6 cil,299,220,1200,2.8,35.7,85,12.00,Euro VI,Chasis padrón piso bajo CDMX (RTP / Concesionado)
URB-07,Autobús 12m,Attivi Integral,Marcopolo,85,396.00,LFP,280,140.0,350,3300,4 horas,12.00,LatAm (Brasil),Torino Low Entry Diésel,Marcopolo,Diésel,Chasis MB O500U / Scania K250UB,260,191,1050,2.8,35.7,85,12.00,Euro VI,Autobús urbano estándar de corredor CDMX
URB-08,Autobús 12m,ie tram,Irizar,80,350.00,Iones de Litio,250,140.0,240,2400,Carga rápida pantógrafo,12.00,"Europa, LatAm",i3 Low Entry / ie bus Diésel,Irizar,Diésel / Híbrido,Cummins B6.7 Diésel Euro VI,280,206,1100,2.9,34.5,80,12.00,Euro VI,Sistema tipo Va y Ven (Mérida) / Metrobus CDMX
URB-09,Autobús 12m,Elec City,Hyundai,85,256.00,Polímero de Litio,290,88.0,240,1000,1.5 horas,10.90,Asia (Corea),Super Aero City,Hyundai,Diésel / GNC,Hyundai D6AB Diésel / C6AB GNC,290,213,1100,2.8,35.7,85,10.95,Euro VI,Autobús urbano padrón corto 11m
URB-10,Autobús 12m,Starbus EV,Tata Motors,85,250.00,LFP,200,125.0,245,1150,2.5 horas,12.00,Asia (India),Starbus Urban 12m,Tata Motors,Diésel / GNC,Cummins ISBe 5.9L / 6.7L,230,169,900,3.0,33.3,85,12.00,BS-VI / Euro VI,Servicio masivo de alta durabilidad
URB-11,Autobús 12m,KLQ6125GEV,Higer,85,300.00,LFP,250,120.0,200,2500,2.5 horas,12.00,"Asia, Medio Oriente, LatAm",KLQ6125G Urbano,Higer,Diésel / GNC,Cummins ISL8.9 / Yuchai YC6L,280,206,1150,2.8,35.7,85,11.99,Euro V / VI,Flota alimentadora de BRT
URB-12,Autobús 12m,C12,CRRC,85,315.00,LFP,260,121.0,240,2800,3 horas,12.00,"Asia, Europa",TEG6125 Urbano,CRRC,Diésel / GNC,Yuchai YC6L280 / Weichai WP7,280,206,1100,2.8,35.7,85,12.00,Euro V / VI,Padrón 12m de gran escala urbana
