id,categoria,variable,valor,unidad,rango_incertidumbre,estado,importancia,ambito,naturaleza,nivel_evidencia,fuentes,localizador,anio_dato,fecha_consulta,limitacion,uso_permitido,evidencia_para_cerrar,condicion_asociada
BD01,identidad,Geometría candidata,METRO CU - SAN FERNANDO HUIPULCO,registro,NO_CUANTIFICADO,HISTORICO_VERIFICADO,CRITICA,Ramal histórico Ruta 1,oficial,A,M09,Placemark 514,2022,2026-10-06,Archivo no certifica operación actual; portal migrado 2026.,Representación histórica candidata.,Derrotero vigente y operación reciente.,G01
BD02,operacion,Longitud cartográfica trazo 1,10.146227164043823,km,NO_CUANTIFICADO,HISTORICO_DERIVADO,CRITICA,Ramal histórico Ruta 1,derivado,A,M09,LineString 515; 61 vértices,2022,2026-10-06,No ciclo actual observado ni kilómetros de patio; altitudes cero no son topografía.,"Referencia histórica de distancia, sin inventar vueltas.",Validación vigente y kilometraje real.,G01;G02
BD03,operacion,Longitud cartográfica trazo 2,10.1937854529633,km,NO_CUANTIFICADO,HISTORICO_DERIVADO,CRITICA,Ramal histórico Ruta 1,derivado,A,M09,Segundo LineString; 55 vértices,2022,2026-10-06,No ciclo actual observado ni kilómetros de patio; altitudes cero no son topografía.,"Referencia histórica de distancia, sin inventar vueltas.",Validación vigente y kilometraje real.,G01;G02
BD04,operacion,Suma cartográfica de ambos trazos,20.34001261700712,km,NO_CUANTIFICADO,HISTORICO_DERIVADO,CRITICA,Ramal histórico Ruta 1,derivado,A,M09,Dos LineString sin conexión añadida,2022,2026-10-06,No ciclo actual observado ni kilómetros de patio; altitudes cero no son topografía.,"Referencia histórica de distancia, sin inventar vueltas.",Validación vigente y kilometraje real.,G01;G02
BD05,identidad,"Continuidad, variantes y planes de sustitución",,documento,NO_CUANTIFICADO,NO_VERIFICADO,CRITICA,Ramal/unidad/patio por identificar,faltante,,,,,2026-10-06,No localizado con granularidad suficiente en fuentes públicas.,Sin valor real: bloquea dictamen específico; ejemplo supuesto sólo con etiqueta F explícita.,"Derrotero, autorización y acuerdos SEMOVI vigentes por ramal.",G01
BD06,flota,"Clase, plazas, combustible y año-modelo actuales",,registro por unidad,NO_CUANTIFICADO,NO_VERIFICADO,CRITICA,Ramal/unidad/patio por identificar,faltante,,,,,2026-10-06,No localizado con granularidad suficiente en fuentes públicas.,Sin valor real: bloquea dictamen específico; ejemplo supuesto sólo con etiqueta F explícita.,Padrón específico y documentación de unidad representativa.,G02;G03
BD07,operacion,Km diarios de servicio y vacíos por unidad,,km/día,NO_CUANTIFICADO,NO_VERIFICADO,CRITICA,Ramal/unidad/patio por identificar,faltante,,,,,2026-10-06,No localizado con granularidad suficiente en fuentes públicas.,Sin valor real: bloquea dictamen específico; ejemplo supuesto sólo con etiqueta F explícita.,"Registro con días, franjas, sentidos, patio y variantes.",G02;G04;G06
BD08,operacion,Tiempo de ciclo y ventana efectiva de carga,,min; h,NO_CUANTIFICADO,NO_VERIFICADO,CRITICA,Ramal/unidad/patio por identificar,faltante,,,,,2026-10-06,No localizado con granularidad suficiente en fuentes públicas.,Sin valor real: bloquea dictamen específico; ejemplo supuesto sólo con etiqueta F explícita.,Recorrido/registro reciente y jornada pagada; distinguir esperas y carga.,G02;G04;G07
BD09,operacion,Flota activa y reserva; viajes y frecuencia por franja,,unidades; viajes; min,NO_CUANTIFICADO,NO_VERIFICADO,CRITICA,Ramal/unidad/patio por identificar,faltante,,,,,2026-10-06,No localizado con granularidad suficiente en fuentes públicas.,Sin valor real: bloquea dictamen específico; ejemplo supuesto sólo con etiqueta F explícita.,Oferta real por sentido/franja y demanda propia.,G02;G03
BD10,demanda,"Ocupación, ascensos y personas sin poder abordar",,personas; %,NO_CUANTIFICADO,NO_VERIFICADO,CRITICA,Ramal/unidad/patio por identificar,faltante,,,,,2026-10-06,No localizado con granularidad suficiente en fuentes públicas.,Sin valor real: bloquea dictamen específico; ejemplo supuesto sólo con etiqueta F explícita.,Observación propia consentida con período y sesgos; estudio específico si existe.,G03
BD11,demanda,Conexión hospitalaria y comparación con Línea 14,,m; min; transbordos,NO_CUANTIFICADO,NO_VERIFICADO,CRITICA,Ramal/unidad/patio por identificar,faltante,,,,,2026-10-06,No localizado con granularidad suficiente en fuentes públicas.,Sin valor real: bloquea dictamen específico; ejemplo supuesto sólo con etiqueta F explícita.,Paradas/entradas y tiempos puerta a puerta por sentido y accesibilidad.,G01;G03
BD12,energia,Consumo real combustión por servicio equivalente,,L/km,NO_CUANTIFICADO,NO_VERIFICADO,CRITICA,Ramal/unidad/patio por identificar,faltante,,,,,2026-10-06,No localizado con granularidad suficiente en fuentes públicas.,Sin valor real: bloquea dictamen específico; ejemplo supuesto sólo con etiqueta F explícita.,"Tickets y litros/km de unidad identificada, varios días/franjas.",G02;G06
BD13,energia,Consumo BEV en batería con carga y auxiliares,,kWh/km,NO_CUANTIFICADO,NO_VERIFICADO,CRITICA,Ramal/unidad/patio por identificar,faltante,,,,,2026-10-06,No localizado con granularidad suficiente en fuentes públicas.,Sin valor real: bloquea dictamen específico; ejemplo supuesto sólo con etiqueta F explícita.,"Prueba comparable o intervalo de estudio mexicano, separado del consumo comprado.",G04;G06
BD14,carga,"Patio: titular, derecho de uso y suministro factible",,documento,NO_CUANTIFICADO,NO_VERIFICADO,CRITICA,Ramal/unidad/patio por identificar,faltante,,,,,2026-10-06,No localizado con granularidad suficiente en fuentes públicas.,Sin valor real: bloquea dictamen específico; ejemplo supuesto sólo con etiqueta F explícita.,"Sitio concreto, autorización, factibilidad CFE e instalación competente.",G04;G05
BD15,carga,"Potencia autorizada total, otras cargas y simultaneidad",,kW,NO_CUANTIFICADO,NO_VERIFICADO,CRITICA,Ramal/unidad/patio por identificar,faltante,,,,,2026-10-06,No localizado con granularidad suficiente en fuentes públicas.,Sin valor real: bloquea dictamen específico; ejemplo supuesto sólo con etiqueta F explícita.,Datos del suministro y proyecto con horarios y demanda máxima.,G04
BD16,carga,"Batería útil, SOH y límites SOC de operación",,kWh; %,NO_CUANTIFICADO,NO_VERIFICADO,CRITICA,Ramal/unidad/patio por identificar,faltante,,,,,2026-10-06,No localizado con granularidad suficiente en fuentes públicas.,Sin valor real: bloquea dictamen específico; ejemplo supuesto sólo con etiqueta F explícita.,Garantía y manual; reserva en SOC mínimo una sola vez; prueba al final de vida prevista.,G04
BD17,carga,Eficiencia red a batería y pérdidas auxiliares,,adimensional; kWh,NO_CUANTIFICADO,NO_VERIFICADO,CRITICA,Ramal/unidad/patio por identificar,faltante,,,,,2026-10-06,No localizado con granularidad suficiente en fuentes públicas.,Sin valor real: bloquea dictamen específico; ejemplo supuesto sólo con etiqueta F explícita.,Medición/garantía con límites y ubicación del medidor.,G04;G06
BD18,costos,Precio de combustible aplicable,,MXN/L,NO_CUANTIFICADO,NO_VERIFICADO,CRITICA,Ramal/unidad/patio por identificar,faltante,,,,,2026-10-06,No localizado con granularidad suficiente en fuentes públicas.,Sin valor real: bloquea dictamen específico; ejemplo supuesto sólo con etiqueta F explícita.,"Fecha, estación y comprobantes; portal M21 no entregó precios.",G06
BD19,costos,Tarifa eléctrica y cargos del patio,,MXN/kWh; MXN/kW; MXN/mes,NO_CUANTIFICADO,NO_VERIFICADO,CRITICA,Ramal/unidad/patio por identificar,faltante,,,,,2026-10-06,No localizado con granularidad suficiente en fuentes públicas.,Sin valor real: bloquea dictamen específico; ejemplo supuesto sólo con etiqueta F explícita.,"CFE: región, mes, tensión, demanda y cargo fijo; confirmar contrato.",G04;G06
BD20,costos,Infraestructura completa y operación del patio,,MXN; MXN/mes,NO_CUANTIFICADO,NO_VERIFICADO,CRITICA,Ramal/unidad/patio por identificar,faltante,,,,,2026-10-06,No localizado con granularidad suficiente en fuentes públicas.,Sin valor real: bloquea dictamen específico; ejemplo supuesto sólo con etiqueta F explícita.,"Cotización con conexión, obra, equipo, ingeniería, uso, mantenimiento y permisos.",G04;G06
BD21,costos,"Mantenimiento, llantas, seguro y días fuera de servicio",,MXN/km; MXN/mes; días,NO_CUANTIFICADO,NO_VERIFICADO,CRITICA,Ramal/unidad/patio por identificar,faltante,,,,,2026-10-06,No localizado con granularidad suficiente en fuentes públicas.,Sin valor real: bloquea dictamen específico; ejemplo supuesto sólo con etiqueta F explícita.,"Comprobantes ICE y oferta BEV con alcances, garantías y respaldo.",G06;G07
BD22,finanzas,"Enganche, crédito o provisión y pagos por período",,MXN; tasa; meses,NO_CUANTIFICADO,NO_VERIFICADO,CRITICA,Ramal/unidad/patio por identificar,faltante,,,,,2026-10-06,No localizado con granularidad suficiente en fuentes públicas.,Sin valor real: bloquea dictamen específico; ejemplo supuesto sólo con etiqueta F explícita.,"Ofertas vigentes que acepten modalidad local; garantías, comisiones y rescisión.",G05;G06
BD23,finanzas,"Recaudo, cuota y obligaciones actuales por actor",,MXN/día; MXN/mes,NO_CUANTIFICADO,NO_VERIFICADO,CRITICA,Ramal/unidad/patio por identificar,faltante,,,,,2026-10-06,No localizado con granularidad suficiente en fuentes públicas.,Sin valor real: bloquea dictamen específico; ejemplo supuesto sólo con etiqueta F explícita.,"Evidencia consentida anonimizada; separar propietario, conductor y organización.",G06;G07
BD24,trabajo,Ingreso neto de referencia y horas pagadas por actor,,MXN/mes; MXN/h; h,NO_CUANTIFICADO,NO_VERIFICADO,CRITICA,Ramal/unidad/patio por identificar,faltante,,,,,2026-10-06,No localizado con granularidad suficiente en fuentes públicas.,Sin valor real: bloquea dictamen específico; ejemplo supuesto sólo con etiqueta F explícita.,Período representativo; empleo y autoempleo separados; no inferir del salario mínimo.,G07
BD25,trabajo,"Prestaciones, seguridad social y costos de formación/carga",,MXN/mes; h,NO_CUANTIFICADO,NO_VERIFICADO,CRITICA,Ramal/unidad/patio por identificar,faltante,,,,,2026-10-06,No localizado con granularidad suficiente en fuentes públicas.,Sin valor real: bloquea dictamen específico; ejemplo supuesto sólo con etiqueta F explícita.,"Relación laboral identificada, contratos y obligaciones costeadas.",G05;G07
BD26,finanzas,Apoyos aprobados y calendario cobrable,,MXN; fecha,NO_CUANTIFICADO,NO_VERIFICADO,CRITICA,Ramal/unidad/patio por identificar,faltante,,,,,2026-10-06,No localizado con granularidad suficiente en fuentes públicas.,Sin valor real: bloquea dictamen específico; ejemplo supuesto sólo con etiqueta F explícita.,"Reglas, beneficiario elegible, aprobación y pagos; no usar anuncios como recursos.",G06
BD27,servicio,"Accesibilidad, homologación, giro y pendiente admisibles",,documento; m; %,NO_CUANTIFICADO,NO_VERIFICADO,CRITICA,Ramal/unidad/patio por identificar,faltante,,,,,2026-10-06,No localizado con granularidad suficiente en fuentes públicas.,Sin valor real: bloquea dictamen específico; ejemplo supuesto sólo con etiqueta F explícita.,"Vehículo y derrotero actuales, ficha completa y autorización SEMOVI.",G03;G05
BD28,respaldo,Reserva financiada y vehículo de sustitución,,MXN; horas; unidades,NO_CUANTIFICADO,NO_VERIFICADO,CRITICA,Ramal/unidad/patio por identificar,faltante,,,,,2026-10-06,No localizado con granularidad suficiente en fuentes públicas.,Sin valor real: bloquea dictamen específico; ejemplo supuesto sólo con etiqueta F explícita.,"Acuerdo exigible: proveedor, tiempo de respuesta, cupos, salarios y duración.",G03;G04;G06;G07
BD29,regulacion,"Autorización de propiedad, operación, garantías y sustitución",,documento,NO_CUANTIFICADO,NO_VERIFICADO,CRITICA,Ramal/unidad/patio por identificar,faltante,,,,,2026-10-06,No localizado con granularidad suficiente en fuentes públicas.,Sin valor real: bloquea dictamen específico; ejemplo supuesto sólo con etiqueta F explícita.,Título y dictamen de autoridades; no inferir prohibición general ni autorización de arrendamiento.,G05
BD30,energia,Factor combustión compatible y alcance,,kgCO2e/L,NO_CUANTIFICADO,NO_VERIFICADO,CRITICA,Ramal/unidad/patio por identificar,faltante,,,,,2026-10-06,No localizado con granularidad suficiente en fuentes públicas.,Sin valor real: bloquea dictamen específico; ejemplo supuesto sólo con etiqueta F explícita.,Combustible y tecnología; separar CO2 de CO2e y escape de upstream; M16 no basta.,G08
BD31,vehiculo,Capacidad KINGO eléctrica comercial,16,plazas,NO_CUANTIFICADO,COMERCIAL_VERIFICADO,CRITICA,"México, catálogo de fabricante",comercial,D,M12;M13,Ficha PDF 2; modelos,2026,2026-10-06,Conductor y accesibilidad deben confirmarse; no equivale a la capacidad actual.,Preselección funcional y referencia comercial; requiere validación.,"Cotización vigente, capacidad equivalente y aprobación.",G03;G04;G06
BD32,vehiculo,Batería KINGO nominal,70.479,kWh,NO_CUANTIFICADO,COMERCIAL_VERIFICADO,CRITICA,"México, catálogo de fabricante",comercial,D,M12,Ficha PDF 2,2026,2026-10-06,"Nominal, no útil; pendiente garantía, SOH y reserva.",Preselección funcional y referencia comercial; requiere validación.,"Cotización vigente, capacidad equivalente y aprobación.",G03;G04;G06
BD33,vehiculo,Kit portátil KINGO publicado,7,kW,NO_CUANTIFICADO,COMERCIAL_VERIFICADO,CRITICA,"México, catálogo de fabricante",comercial,D,M12,Ficha PDF 2,2026,2026-10-06,"No prueba potencia sostenida, conexión, cargador de pared ni carga rápida.",Preselección funcional y referencia comercial; requiere validación.,"Cotización vigente, capacidad equivalente y aprobación.",G03;G04;G06
BD34,vehiculo,Capacidad total Gree GTQ6600BEVB30,28,personas,NO_CUANTIFICADO,COMERCIAL_VERIFICADO,CRITICA,"México, catálogo de fabricante",comercial,D,M14,Modelo citado,2026,2026-10-06,Incluye 10–14 asientos; no sumar; conductor y accesibilidad por confirmar.,Preselección funcional y referencia comercial; requiere validación.,"Cotización vigente, capacidad equivalente y aprobación.",G03;G04;G06
BD35,vehiculo,Batería Gree nominal,95.257,kWh,NO_CUANTIFICADO,COMERCIAL_VERIFICADO,CRITICA,"México, catálogo de fabricante",comercial,D,M14,Modelo citado,2026,2026-10-06,No batería útil ni rendimiento en ramal; precio y disponibilidad pendientes.,Preselección funcional y referencia comercial; requiere validación.,"Cotización vigente, capacidad equivalente y aprobación.",G03;G04;G06
BD36,vehiculo,Precio KINGO eléctrica publicado,1299000,MXN IVA incluido,NO_CUANTIFICADO,COMERCIAL_VERIFICADO,CRITICA,"México, catálogo de fabricante",comercial,D,M13,Modelos,2026,2026-10-06,"Catálogo, no oferta entregable; no selección del vehículo.",Preselección funcional y referencia comercial; requiere validación.,"Cotización vigente, capacidad equivalente y aprobación.",G03;G04;G06
BD37,vehiculo,Precio KINGO gasolina publicado,829900,MXN IVA incluido,NO_CUANTIFICADO,COMERCIAL_VERIFICADO,CRITICA,"México, catálogo de fabricante",comercial,D,M13,Modelos,2026,2026-10-06,"Comparador comercial, no costo actual ni deuda de la unidad.",Preselección funcional y referencia comercial; requiere validación.,"Cotización vigente, capacidad equivalente y aprobación.",G03;G04;G06
BD38,costos,Diferencia de precios comerciales,469100,MXN IVA incluido,NO_CUANTIFICADO,DERIVADO_COMERCIAL,CRITICA,"México, catálogo",derivado,D,M13,Resta de precios M13,2026,2026-10-06,"1299000 − 829900; no inversión incremental completa, financiamiento o TCO.",Referencia de brecha en compra equivalente de catálogo.,Cotización completa y comparador actual.,G06
BD39,ambiente,Factor SEN 2024 indicado para COA 2026,0.444,tCO2e/MWh,NO_CUANTIFICADO,OFICIAL_HISTORICO_VERIFICADO,CRITICA,México SEN,oficial,D,M15,PDF 1,2024,2026-10-06,Aviso 29-05-2026 para reporte hasta 30-06-2026; no factor medido 2026 ni ciclo de vida.,"Estimación histórica indirecta con energía comprada, año visible.",Revisar factor pertinente antes de análisis prospectivo.,G08
BD40,ambiente,Conversión del factor eléctrico,0.444,kgCO2e/kWh,NO_CUANTIFICADO,DERIVADO_VERIFICADO,CRITICA,México SEN,derivado,D,M15,Conversión de unidades,2024,2026-10-06,Conversión exacta 1000 kg/t y 1000 kWh/MWh; mismas restricciones de BD39.,kWh comprados × factor; separar emisiones de escape.,Año y alcance visibles.,G08
BD41,trabajo,Salario mínimo general de referencia,315.04,MXN/día bruto,NO_CUANTIFICADO,OFICIAL_GENERAL_VERIFICADO,CRITICA,"México, zona general/CDMX",oficial,D,M18,PDF 1,2026,2026-10-06,"No ingreso observado, salario neto ni costo total; revisar régimen y mínimos aplicables.","Referencia normativa general, nunca sustituir BD24.","Contratos, puestos y obligaciones aplicables.",G05;G07
BD42,finanzas,Apoyo eléctrico Eje 8 Sur precedente,850000,MXN/unidad chatarrizada,NO_CUANTIFICADO,PRECEDENTE_NO_APLICABLE_ACREDITADO,CRITICA,"CDMX, rutas 2/14/25",oficial,C,M19,PDF 13–16,2026,2026-10-06,Plazo enero 2026; no disponibilidad o elegibilidad de Ruta 1.,Estudiar canalización al capital; excluido del flujo real.,Programa específicamente aplicable y compromiso.,G06
BD43,carga,Umbral de descripción GDBT,25,kW,NO_CUANTIFICADO,DESCRIPCION_PARCIAL_VERIFICADA,CRITICA,"México, baja tensión",oficial,D,M11,Descripción indexada CFE,2026,2026-10-06,Descripción indica demanda superior a 25 kW; no elegir tarifa sin sitio ni tensión. Sin precios.,Examinar potencia total/simultaneidad; demanda medida en intervalos de 15 min.,CFE contrato y cargos mensuales.,G04;G06
BD44,carga,Potencia de pared y carga rápida KINGO,,kW,NO_CUANTIFICADO,NO_VERIFICADO,CRITICA,Ramal/unidad/patio por identificar,faltante,,,,,2026-10-06,Etiqueta publicada ambigua y carga rápida sin potencia verificada.,Sin valor real: bloquea dictamen específico; ejemplo supuesto sólo con etiqueta F explícita.,Ficha inequívoca del proveedor: texto 12 KWH no permite convertirlo a potencia.,G04
BD45,pasajeros,Tarifa efectiva y costo puerta a puerta,,MXN/viaje,NO_CUANTIFICADO,NO_VERIFICADO,CRITICA,Ramal/unidad/patio por identificar,faltante,,,,,2026-10-06,No localizado con granularidad suficiente en fuentes públicas.,Sin valor real: bloquea dictamen específico; ejemplo supuesto sólo con etiqueta F explícita.,"Instrumento vigente y observación; incluir transbordos, sin aumentar tarifa para equilibrar escenario.",G03;G06
BD46,pasajeros,"Espera, duración y viajes completados por franja",,min; %,NO_CUANTIFICADO,NO_VERIFICADO,CRITICA,Ramal/unidad/patio por identificar,faltante,,,,,2026-10-06,No localizado con granularidad suficiente en fuentes públicas.,Sin valor real: bloquea dictamen específico; ejemplo supuesto sólo con etiqueta F explícita.,Línea base y piloto por sentido/franja; no sólo promedio global.,G03
BD47,finanzas,"Caja inicial, reserva y flujo por período",,MXN,NO_CUANTIFICADO,NO_VERIFICADO,CRITICA,Ramal/unidad/patio por identificar,faltante,,,,,2026-10-06,No localizado con granularidad suficiente en fuentes públicas.,Sin valor real: bloquea dictamen específico; ejemplo supuesto sólo con etiqueta F explícita.,Aportes y calendario reales; evitar financiar inversión dos veces en misma contabilidad.,G06
BD48,trabajo,Consentimiento y tratamiento de no participantes,,documento; personas,NO_CUANTIFICADO,NO_VERIFICADO,CRITICA,Ramal/unidad/patio por identificar,faltante,,,,,2026-10-06,No localizado con granularidad suficiente en fuentes públicas.,Sin valor real: bloquea dictamen específico; ejemplo supuesto sólo con etiqueta F explícita.,Acuerdos por función y plan de continuidad/salida sin deuda ni despido ocultos.,G05;G07
BD49,ambiente,"NOx, PM y ruido por unidad",,g/km; dB,NO_CUANTIFICADO,NO_VERIFICADO,DESEABLE_PARA_BENEFICIO_ESPECIFICO,Ramal/unidad/patio por identificar,faltante,,,,,2026-10-06,No localizado con granularidad suficiente en fuentes públicas.,Sin valor real: bloquea dictamen específico; ejemplo supuesto sólo con etiqueta F explícita.,Medición/factor de clase y condición identificadas; no inferir salud causal.,G08
BD50,costos,"Precio gasolina regular, referencia nacional",23.68,MXN/L,NO_CUANTIFICADO,REFERENCIA_PUBLICA_VERIFICADA,REFERENCIA_PARA_ESCENARIO,México promedio nacional,oficial,D,M23,Primer párrafo del comunicado,2026-08-27,2026-10-06,"Precio nacional fechado, no precio del ramal.",Referencia ajustable de escenario; coste real sigue BD18.,Suficiente para este uso de referencia; validar datos reales sólo antes de piloto.,G06
BD51,costos,"Precio diésel, referencia nacional reciente",27.00,MXN/L,NO_CUANTIFICADO,REFERENCIA_PUBLICA_VERIFICADA,REFERENCIA_PARA_ESCENARIO,México promedio nacional,oficial,D,M24,Párrafo de combustibles: al 25 de septiembre,2026-09-25,2026-10-06,No gasto pagado en el ramal.,Referencia ajustable si se compara diésel de capacidad equivalente.,Suficiente para este uso de referencia; validar datos reales sólo antes de piloto.,G06
BD52,contexto,Consultas totales INCan 2024,300720,consultas/año,NO_CUANTIFICADO,REFERENCIA_PUBLICA_VERIFICADA,CONTEXTO,Una institución de Zona de Hospitales,oficial,B,M25,"Sección 5.1, asistencia médica; cifra 2024",2024,2026-10-06,No personas únicas ni pasajeros ni viajes.,Contexto humano y generador de actividades; excluido del módulo de demanda.,Suficiente para este uso de referencia; validar datos reales sólo antes de piloto.,G01;G03
BD53,contexto,Consumo monitorizado de articulado Metrobús,0.86–1.0,kWh/km,NO_CUANTIFICADO,REFERENCIA_PUBLICA_VERIFICADA,CONTEXTO,CDMX otro vehículo/servicio,observado,C,M27,Resumen del estudio: consumo y kilometraje,Monitoreo anterior a informe 2023,2026-10-06,99% del período de estudio; no consumo transferible a van/minibús ni batería/red armonizados.,Precedente tecnológico; no entrada energética de candidato.,Suficiente para este uso de referencia; validar datos reales sólo antes de piloto.,G04
BD54,contexto,Reducción GEI de ciclo de vida estimada BEB México,65.7,%,NO_CUANTIFICADO,REFERENCIA_PUBLICA_VERIFICADA,CONTEXTO,México autobuses 12–15 m,benchmark,D,M26,"Sección Life-cycle emissions, comparación 12–15 m",2024,2026-10-06,Benchmark de otra clase y alcance; no porcentaje de Ruta 1.,Contexto ambiental favorable; excluir del cálculo operativo propio.,Suficiente para este uso de referencia; validar datos reales sólo antes de piloto.,G08
BD55,contexto,Biciestacionamientos en nodos,Huipulco:160; Universidad:194,espacios para bicicletas,NO_CUANTIFICADO,REFERENCIA_PUBLICA_VERIFICADA,CONTEXTO,Nodos Universidad/Huipulco,oficial,B,M28,Primeros párrafos: capacidad y ubicación,2026,2026-10-06,No carga eléctrica ni personas usuarias del ramal.,Contexto de conectividad y actividad pública reciente.,Suficiente para este uso de referencia; validar datos reales sólo antes de piloto.,G01
