id,categoria,variable,unidad,importancia,fuente_ideal,fuente_alternativa,fuentes_localizadas,disponibilidad_actual,antiguedad_maxima_aceptable,granularidad_requerida,licencia_necesaria,metodo_obtencion,nivel_evidencia_esperado,uso_futuro_simulacion,dependencias,manejo_faltante
A01,Ruta y operación,Derrotero y variantes,geometría/texto,CRITICA,SEMOVI / ORT; derroteros y registros por ramal,Catálogo externo y observación fechada,S01;S02;S03;S22;S23;S24,"Faltante para ramal; fuentes/contexto localizados, sin medición específica",Operación 2026; 2024–2025 sólo con límite explícito,Por unidad/ramal/sentido/franja según variable; no agregar otros ramales,Licencia explícita para redistribuir recurso; UNKNOWN sólo cita; PNT versión pública sin datos personales,Consultar fuente primaria; recuperar recurso permitido; contrastar fecha/granularidad; PNT/observación si falta,A/B para específico oficial; C/D/E sólo comparable delimitado; F si supuesto,Distancia/jornada/servicio,Identidad de ramal → geometría/jornada,"Registrar NO VERIFICADO y F; no cero; limitar conclusión, no inventar rango"
A02,Ruta y operación,Longitud ida/retorno/ciclo y recorridos vacíos,km,CRITICA,SEMOVI / ORT; derroteros y registros por ramal,Catálogo externo y observación fechada,S01;S02;S03;S22;S23;S24,"Faltante para ramal; fuentes/contexto localizados, sin medición específica",Operación 2026; 2024–2025 sólo con límite explícito,Por unidad/ramal/sentido/franja según variable; no agregar otros ramales,Licencia explícita para redistribuir recurso; UNKNOWN sólo cita; PNT versión pública sin datos personales,Consultar fuente primaria; recuperar recurso permitido; contrastar fecha/granularidad; PNT/observación si falta,A/B para específico oficial; C/D/E sólo comparable delimitado; F si supuesto,Distancia/jornada/servicio,Identidad de ramal → geometría/jornada,"Registrar NO VERIFICADO y F; no cero; limitar conclusión, no inventar rango"
A03,Ruta y operación,Paradas y terminales reales,n/ubicación,CRITICA,SEMOVI / ORT; derroteros y registros por ramal,Catálogo externo y observación fechada,S01;S02;S03;S22;S23;S24,"Faltante para ramal; fuentes/contexto localizados, sin medición específica",Operación 2026; 2024–2025 sólo con límite explícito,Por unidad/ramal/sentido/franja según variable; no agregar otros ramales,Licencia explícita para redistribuir recurso; UNKNOWN sólo cita; PNT versión pública sin datos personales,Consultar fuente primaria; recuperar recurso permitido; contrastar fecha/granularidad; PNT/observación si falta,A/B para específico oficial; C/D/E sólo comparable delimitado; F si supuesto,Distancia/jornada/servicio,Identidad de ramal → geometría/jornada,"Registrar NO VERIFICADO y F; no cero; limitar conclusión, no inventar rango"
A04,Ruta y operación,Tiempo por sentido/ciclo y congestión por franja,min,CRITICA,SEMOVI / ORT; derroteros y registros por ramal,Catálogo externo y observación fechada,S01;S02;S03;S22;S23;S24,"Faltante para ramal; fuentes/contexto localizados, sin medición específica",Operación 2026; 2024–2025 sólo con límite explícito,Por unidad/ramal/sentido/franja según variable; no agregar otros ramales,Licencia explícita para redistribuir recurso; UNKNOWN sólo cita; PNT versión pública sin datos personales,Consultar fuente primaria; recuperar recurso permitido; contrastar fecha/granularidad; PNT/observación si falta,A/B para específico oficial; C/D/E sólo comparable delimitado; F si supuesto,Distancia/jornada/servicio,Identidad de ramal → geometría/jornada,"Registrar NO VERIFICADO y F; no cero; limitar conclusión, no inventar rango"
A05,Ruta y operación,Horario de línea y jornada por unidad,h/día,CRITICA,SEMOVI / ORT; derroteros y registros por ramal,Catálogo externo y observación fechada,S01;S02;S03;S22;S23;S24,"Faltante para ramal; fuentes/contexto localizados, sin medición específica",Operación 2026; 2024–2025 sólo con límite explícito,Por unidad/ramal/sentido/franja según variable; no agregar otros ramales,Licencia explícita para redistribuir recurso; UNKNOWN sólo cita; PNT versión pública sin datos personales,Consultar fuente primaria; recuperar recurso permitido; contrastar fecha/granularidad; PNT/observación si falta,A/B para específico oficial; C/D/E sólo comparable delimitado; F si supuesto,Distancia/jornada/servicio,Identidad de ramal → geometría/jornada,"Registrar NO VERIFICADO y F; no cero; limitar conclusión, no inventar rango"
A06,Ruta y operación,Intervalo real por franja,min,CRITICA,SEMOVI / ORT; derroteros y registros por ramal,Catálogo externo y observación fechada,S01;S02;S03;S22;S23;S24,"Faltante para ramal; fuentes/contexto localizados, sin medición específica",Operación 2026; 2024–2025 sólo con límite explícito,Por unidad/ramal/sentido/franja según variable; no agregar otros ramales,Licencia explícita para redistribuir recurso; UNKNOWN sólo cita; PNT versión pública sin datos personales,Consultar fuente primaria; recuperar recurso permitido; contrastar fecha/granularidad; PNT/observación si falta,A/B para específico oficial; C/D/E sólo comparable delimitado; F si supuesto,Distancia/jornada/servicio,Identidad de ramal → geometría/jornada,"Registrar NO VERIFICADO y F; no cero; limitar conclusión, no inventar rango"
A07,Ruta y operación,Vueltas y km diarios por unidad,vueltas/día;km/día,CRITICA,SEMOVI / ORT; derroteros y registros por ramal,Catálogo externo y observación fechada,S01;S02;S03;S22;S23;S24,"Faltante para ramal; fuentes/contexto localizados, sin medición específica",Operación 2026; 2024–2025 sólo con límite explícito,Por unidad/ramal/sentido/franja según variable; no agregar otros ramales,Licencia explícita para redistribuir recurso; UNKNOWN sólo cita; PNT versión pública sin datos personales,Consultar fuente primaria; recuperar recurso permitido; contrastar fecha/granularidad; PNT/observación si falta,A/B para específico oficial; C/D/E sólo comparable delimitado; F si supuesto,Distancia/jornada/servicio,Identidad de ramal → geometría/jornada,"Registrar NO VERIFICADO y F; no cero; limitar conclusión, no inventar rango"
A08,Ruta y operación,Flota efectiva/reserva y km totales,unidades;km/flota/día,DESEABLE,SEMOVI / ORT; derroteros y registros por ramal,Catálogo externo y observación fechada,S01;S02;S03;S22;S23;S24,"Faltante para ramal; fuentes/contexto localizados, sin medición específica",Operación 2026; 2024–2025 sólo con límite explícito,Por unidad/ramal/sentido/franja según variable; no agregar otros ramales,Licencia explícita para redistribuir recurso; UNKNOWN sólo cita; PNT versión pública sin datos personales,Consultar fuente primaria; recuperar recurso permitido; contrastar fecha/granularidad; PNT/observación si falta,A/B para específico oficial; C/D/E sólo comparable delimitado; F si supuesto,Distancia/jornada/servicio,Identidad de ramal → geometría/jornada,"Registrar NO VERIFICADO y F; no cero; limitar conclusión, no inventar rango"
A09,Ruta y operación,Velocidad comercial y regulación terminal,km/h;min,DESEABLE,SEMOVI / ORT; derroteros y registros por ramal,Catálogo externo y observación fechada,S01;S02;S03;S22;S23;S24,"Faltante para ramal; fuentes/contexto localizados, sin medición específica",Operación 2026; 2024–2025 sólo con límite explícito,Por unidad/ramal/sentido/franja según variable; no agregar otros ramales,Licencia explícita para redistribuir recurso; UNKNOWN sólo cita; PNT versión pública sin datos personales,Consultar fuente primaria; recuperar recurso permitido; contrastar fecha/granularidad; PNT/observación si falta,A/B para específico oficial; C/D/E sólo comparable delimitado; F si supuesto,Distancia/jornada/servicio,Identidad de ramal → geometría/jornada,"Registrar NO VERIFICADO y F; no cero; limitar conclusión, no inventar rango"
B01,Demanda,Ocupación por sentido/franja y capacidad pico,personas/unidad,CRITICA,Estudio/aforo SEMOVI por ramal y franja,Observación parcial consentida; Metro/CETRAM como contexto,S07;S37,"Faltante para ramal; fuentes/contexto localizados, sin medición específica",2026 después de apertura Línea 14; 2024–2025 sólo contraste,Por unidad/ramal/sentido/franja según variable; no agregar otros ramales,Licencia explícita para redistribuir recurso; UNKNOWN sólo cita; PNT versión pública sin datos personales,Consultar fuente primaria; recuperar recurso permitido; contrastar fecha/granularidad; PNT/observación si falta,A/B para específico oficial; C/D/E sólo comparable delimitado; F si supuesto,Capacidad y servicio mantenidos,Identidad → demanda por sentido y franja,"Registrar NO VERIFICADO y F; no cero; limitar conclusión, no inventar rango"
B02,Demanda,Ascensos/descensos y pasajeros del ramal,viajes/día;viajes/franja,DESEABLE,Estudio/aforo SEMOVI por ramal y franja,Observación parcial consentida; Metro/CETRAM como contexto,S07;S37,"Faltante para ramal; fuentes/contexto localizados, sin medición específica",2026 después de apertura Línea 14; 2024–2025 sólo contraste,Por unidad/ramal/sentido/franja según variable; no agregar otros ramales,Licencia explícita para redistribuir recurso; UNKNOWN sólo cita; PNT versión pública sin datos personales,Consultar fuente primaria; recuperar recurso permitido; contrastar fecha/granularidad; PNT/observación si falta,A/B para específico oficial; C/D/E sólo comparable delimitado; F si supuesto,Capacidad y servicio mantenidos,Identidad → demanda por sentido y franja,"Registrar NO VERIFICADO y F; no cero; limitar conclusión, no inventar rango"
B03,Demanda,Motivos de viaje/transbordo propios,respuestas/proporción con método,DESEABLE,Estudio/aforo SEMOVI por ramal y franja,Observación parcial consentida; Metro/CETRAM como contexto,S07;S37,"Faltante para ramal; fuentes/contexto localizados, sin medición específica",2026 después de apertura Línea 14; 2024–2025 sólo contraste,Por unidad/ramal/sentido/franja según variable; no agregar otros ramales,Licencia explícita para redistribuir recurso; UNKNOWN sólo cita; PNT versión pública sin datos personales,Consultar fuente primaria; recuperar recurso permitido; contrastar fecha/granularidad; PNT/observación si falta,A/B para específico oficial; C/D/E sólo comparable delimitado; F si supuesto,Capacidad y servicio mantenidos,Identidad → demanda por sentido y franja,"Registrar NO VERIFICADO y F; no cero; limitar conclusión, no inventar rango"
C01,Flota actual,Cantidad autorizada/operativa por ramal,unidades,CRITICA,SEMOVI padrón/revista/asignaciones,"Documentos de unidad y operador, sin inferir apariencia",S31;S29,"Faltante para ramal; fuentes/contexto localizados, sin medición específica",2026; aceptar 2024–2025 señalando cambios pendientes,Por unidad/ramal/sentido/franja según variable; no agregar otros ramales,Licencia explícita para redistribuir recurso; UNKNOWN sólo cita; PNT versión pública sin datos personales,Consultar fuente primaria; recuperar recurso permitido; contrastar fecha/granularidad; PNT/observación si falta,A/B para específico oficial; C/D/E sólo comparable delimitado; F si supuesto,Baseline equivalente,Identidad/continuidad → clase/plazas → candidato,"Registrar NO VERIFICADO y F; no cero; limitar conclusión, no inventar rango"
C02,Flota actual,Clase/marca/modelo/año/combustible,categorías/año,CRITICA,SEMOVI padrón/revista/asignaciones,"Documentos de unidad y operador, sin inferir apariencia",S31;S29,"Faltante para ramal; fuentes/contexto localizados, sin medición específica",2026; aceptar 2024–2025 señalando cambios pendientes,Por unidad/ramal/sentido/franja según variable; no agregar otros ramales,Licencia explícita para redistribuir recurso; UNKNOWN sólo cita; PNT versión pública sin datos personales,Consultar fuente primaria; recuperar recurso permitido; contrastar fecha/granularidad; PNT/observación si falta,A/B para específico oficial; C/D/E sólo comparable delimitado; F si supuesto,Baseline equivalente,Identidad/continuidad → clase/plazas → candidato,"Registrar NO VERIFICADO y F; no cero; limitar conclusión, no inventar rango"
C03,Flota actual,Plazas autorizadas sentadas/de pie/conductor,personas,CRITICA,SEMOVI padrón/revista/asignaciones,"Documentos de unidad y operador, sin inferir apariencia",S31;S29,"Faltante para ramal; fuentes/contexto localizados, sin medición específica",2026; aceptar 2024–2025 señalando cambios pendientes,Por unidad/ramal/sentido/franja según variable; no agregar otros ramales,Licencia explícita para redistribuir recurso; UNKNOWN sólo cita; PNT versión pública sin datos personales,Consultar fuente primaria; recuperar recurso permitido; contrastar fecha/granularidad; PNT/observación si falta,A/B para específico oficial; C/D/E sólo comparable delimitado; F si supuesto,Baseline equivalente,Identidad/continuidad → clase/plazas → candidato,"Registrar NO VERIFICADO y F; no cero; limitar conclusión, no inventar rango"
C04,Flota actual,Motor/tecnología ambiental y condición mecánica,categorías/resultado,CRITICA,SEMOVI padrón/revista/asignaciones,"Documentos de unidad y operador, sin inferir apariencia",S31;S29,"Faltante para ramal; fuentes/contexto localizados, sin medición específica",2026; aceptar 2024–2025 señalando cambios pendientes,Por unidad/ramal/sentido/franja según variable; no agregar otros ramales,Licencia explícita para redistribuir recurso; UNKNOWN sólo cita; PNT versión pública sin datos personales,Consultar fuente primaria; recuperar recurso permitido; contrastar fecha/granularidad; PNT/observación si falta,A/B para específico oficial; C/D/E sólo comparable delimitado; F si supuesto,Baseline equivalente,Identidad/continuidad → clase/plazas → candidato,"Registrar NO VERIFICADO y F; no cero; limitar conclusión, no inventar rango"
C05,Flota actual,"Revista, concesión y sustituciones 2024–2026",fecha/resultado/documento,CRITICA,SEMOVI padrón/revista/asignaciones,"Documentos de unidad y operador, sin inferir apariencia",S31;S29,"Faltante para ramal; fuentes/contexto localizados, sin medición específica",2026; aceptar 2024–2025 señalando cambios pendientes,Por unidad/ramal/sentido/franja según variable; no agregar otros ramales,Licencia explícita para redistribuir recurso; UNKNOWN sólo cita; PNT versión pública sin datos personales,Consultar fuente primaria; recuperar recurso permitido; contrastar fecha/granularidad; PNT/observación si falta,A/B para específico oficial; C/D/E sólo comparable delimitado; F si supuesto,Baseline equivalente,Identidad/continuidad → clase/plazas → candidato,"Registrar NO VERIFICADO y F; no cero; limitar conclusión, no inventar rango"
D01,Condiciones del servicio,Mantenimiento/averías/tiempo fuera de servicio,eventos;días/año,CRITICA,SEMOVI inspecciones/quejas; SSC siniestros desagregados,Observación o periodismo identificado,S31;S49,"Faltante para ramal; fuentes/contexto localizados, sin medición específica","2024–2026, distinguir periodo y ramal",Por unidad/ramal/sentido/franja según variable; no agregar otros ramales,Licencia explícita para redistribuir recurso; UNKNOWN sólo cita; PNT versión pública sin datos personales,Consultar fuente primaria; recuperar recurso permitido; contrastar fecha/granularidad; PNT/observación si falta,A/B para específico oficial; C/D/E sólo comparable delimitado; F si supuesto,Disponibilidad/accesibilidad,Identidad y unidad → registro de problemas,"Registrar NO VERIFICADO y F; no cero; limitar conclusión, no inventar rango"
D02,Condiciones del servicio,Accesibilidad/seguridad/equipamiento,condición documental/observada,CRITICA,SEMOVI inspecciones/quejas; SSC siniestros desagregados,Observación o periodismo identificado,S31;S49,"Faltante para ramal; fuentes/contexto localizados, sin medición específica","2024–2026, distinguir periodo y ramal",Por unidad/ramal/sentido/franja según variable; no agregar otros ramales,Licencia explícita para redistribuir recurso; UNKNOWN sólo cita; PNT versión pública sin datos personales,Consultar fuente primaria; recuperar recurso permitido; contrastar fecha/granularidad; PNT/observación si falta,A/B para específico oficial; C/D/E sólo comparable delimitado; F si supuesto,Disponibilidad/accesibilidad,Identidad y unidad → registro de problemas,"Registrar NO VERIFICADO y F; no cero; limitar conclusión, no inventar rango"
D03,Condiciones del servicio,Quejas/siniestros/ruido y evidencia de contaminación,eventos;dB si medido,DESEABLE,SEMOVI inspecciones/quejas; SSC siniestros desagregados,Observación o periodismo identificado,S31;S49,"Faltante para ramal; fuentes/contexto localizados, sin medición específica","2024–2026, distinguir periodo y ramal",Por unidad/ramal/sentido/franja según variable; no agregar otros ramales,Licencia explícita para redistribuir recurso; UNKNOWN sólo cita; PNT versión pública sin datos personales,Consultar fuente primaria; recuperar recurso permitido; contrastar fecha/granularidad; PNT/observación si falta,A/B para específico oficial; C/D/E sólo comparable delimitado; F si supuesto,Disponibilidad/accesibilidad,Identidad y unidad → registro de problemas,"Registrar NO VERIFICADO y F; no cero; limitar conclusión, no inventar rango"
E01,Costos actuales,Adquisición de combustión equivalente,"MXN, IVA identificado",CRITICA,Comprobantes operador y cotización de clase equivalente,Estudio mexicano comparable; PROFECO,S13;S33;S44,"Faltante para ramal; fuentes/contexto localizados, sin medición específica",Precios/cotizaciones actuales con fecha/vigencia; historial 2024–2026,Por unidad/ramal/sentido/franja según variable; no agregar otros ramales,Licencia explícita para redistribuir recurso; UNKNOWN sólo cita; PNT versión pública sin datos personales,Consultar fuente primaria; recuperar recurso permitido; contrastar fecha/granularidad; PNT/observación si falta,A/B para específico oficial; C/D/E sólo comparable delimitado; F si supuesto,Costo actual,Unidad/utilización → consumos y costos completos,"Registrar NO VERIFICADO y F; no cero; limitar conclusión, no inventar rango"
E02,Costos actuales,Rendimiento/litros y precio del combustible,km/L;L/día;MXN/L,CRITICA,Comprobantes operador y cotización de clase equivalente,Estudio mexicano comparable; PROFECO,S13;S33;S44,"Faltante para ramal; fuentes/contexto localizados, sin medición específica",Precios/cotizaciones actuales con fecha/vigencia; historial 2024–2026,Por unidad/ramal/sentido/franja según variable; no agregar otros ramales,Licencia explícita para redistribuir recurso; UNKNOWN sólo cita; PNT versión pública sin datos personales,Consultar fuente primaria; recuperar recurso permitido; contrastar fecha/granularidad; PNT/observación si falta,A/B para específico oficial; C/D/E sólo comparable delimitado; F si supuesto,Costo actual,Unidad/utilización → consumos y costos completos,"Registrar NO VERIFICADO y F; no cero; limitar conclusión, no inventar rango"
E03,Costos actuales,Mantenimiento preventivo/correctivo y refacciones,MXN/km;MXN/año,CRITICA,Comprobantes operador y cotización de clase equivalente,Estudio mexicano comparable; PROFECO,S13;S33;S44,"Faltante para ramal; fuentes/contexto localizados, sin medición específica",Precios/cotizaciones actuales con fecha/vigencia; historial 2024–2026,Por unidad/ramal/sentido/franja según variable; no agregar otros ramales,Licencia explícita para redistribuir recurso; UNKNOWN sólo cita; PNT versión pública sin datos personales,Consultar fuente primaria; recuperar recurso permitido; contrastar fecha/granularidad; PNT/observación si falta,A/B para específico oficial; C/D/E sólo comparable delimitado; F si supuesto,Costo actual,Unidad/utilización → consumos y costos completos,"Registrar NO VERIFICADO y F; no cero; limitar conclusión, no inventar rango"
E04,Costos actuales,Llantas/frenos/aceite/seguro y deducible,MXN y periodicidad,CRITICA,Comprobantes operador y cotización de clase equivalente,Estudio mexicano comparable; PROFECO,S13;S33;S44,"Faltante para ramal; fuentes/contexto localizados, sin medición específica",Precios/cotizaciones actuales con fecha/vigencia; historial 2024–2026,Por unidad/ramal/sentido/franja según variable; no agregar otros ramales,Licencia explícita para redistribuir recurso; UNKNOWN sólo cita; PNT versión pública sin datos personales,Consultar fuente primaria; recuperar recurso permitido; contrastar fecha/granularidad; PNT/observación si falta,A/B para específico oficial; C/D/E sólo comparable delimitado; F si supuesto,Costo actual,Unidad/utilización → consumos y costos completos,"Registrar NO VERIFICADO y F; no cero; limitar conclusión, no inventar rango"
E05,Costos actuales,Días por fallas e ingreso perdido,días/año;MXN,DESEABLE,Comprobantes operador y cotización de clase equivalente,Estudio mexicano comparable; PROFECO,S13;S33;S44,"Faltante para ramal; fuentes/contexto localizados, sin medición específica",Precios/cotizaciones actuales con fecha/vigencia; historial 2024–2026,Por unidad/ramal/sentido/franja según variable; no agregar otros ramales,Licencia explícita para redistribuir recurso; UNKNOWN sólo cita; PNT versión pública sin datos personales,Consultar fuente primaria; recuperar recurso permitido; contrastar fecha/granularidad; PNT/observación si falta,A/B para específico oficial; C/D/E sólo comparable delimitado; F si supuesto,Costo actual,Unidad/utilización → consumos y costos completos,"Registrar NO VERIFICADO y F; no cero; limitar conclusión, no inventar rango"
F01,Alternativa eléctrica,Capacidad/dimensiones/peso/accesibilidad/giros,personas;m;kg;m radio,CRITICA,Fabricante/distribuidor México; autorización SEMOVI,Prueba mexicana de la misma clase,S13;S14;S32;S34;S56,"Parcial: ficha/contexto disponible; confirmar aplicabilidad, recuperar recurso y/o dato específico",Ficha/versionado actual; cotización con vigencia; estudios históricos delimitados,Por unidad/ramal/sentido/franja según variable; no agregar otros ramales,Licencia explícita para redistribuir recurso; UNKNOWN sólo cita; PNT versión pública sin datos personales,Consultar fuente primaria; recuperar recurso permitido; contrastar fecha/granularidad; PNT/observación si falta,A/B para específico oficial; C/D/E sólo comparable delimitado; F si supuesto,Escenario equivalente,Plazas/demanda/geometría → clase → consumo y carga,"Registrar NO VERIFICADO y F; no cero; limitar conclusión, no inventar rango"
F02,Alternativa eléctrica,Batería nominal/útil y ventana SOC,kWh;%,CRITICA,Fabricante/distribuidor México; autorización SEMOVI,Prueba mexicana de la misma clase,S13;S14;S32;S34;S56,"Parcial: ficha/contexto disponible; confirmar aplicabilidad, recuperar recurso y/o dato específico",Ficha/versionado actual; cotización con vigencia; estudios históricos delimitados,Por unidad/ramal/sentido/franja según variable; no agregar otros ramales,Licencia explícita para redistribuir recurso; UNKNOWN sólo cita; PNT versión pública sin datos personales,Consultar fuente primaria; recuperar recurso permitido; contrastar fecha/granularidad; PNT/observación si falta,A/B para específico oficial; C/D/E sólo comparable delimitado; F si supuesto,Escenario equivalente,Plazas/demanda/geometría → clase → consumo y carga,"Registrar NO VERIFICADO y F; no cero; limitar conclusión, no inventar rango"
F03,Alternativa eléctrica,Consumo cargado: batería/red y auxiliares,kWh/km;frontera,CRITICA,Fabricante/distribuidor México; autorización SEMOVI,Prueba mexicana de la misma clase,S13;S14;S32;S34;S56,"Parcial: ficha/contexto disponible; confirmar aplicabilidad, recuperar recurso y/o dato específico",Ficha/versionado actual; cotización con vigencia; estudios históricos delimitados,Por unidad/ramal/sentido/franja según variable; no agregar otros ramales,Licencia explícita para redistribuir recurso; UNKNOWN sólo cita; PNT versión pública sin datos personales,Consultar fuente primaria; recuperar recurso permitido; contrastar fecha/granularidad; PNT/observación si falta,A/B para específico oficial; C/D/E sólo comparable delimitado; F si supuesto,Escenario equivalente,Plazas/demanda/geometría → clase → consumo y carga,"Registrar NO VERIFICADO y F; no cero; limitar conclusión, no inventar rango"
F04,Alternativa eléctrica,Conector/potencia/curva y tiempo de carga,tipo;kW;h;SOC,CRITICA,Fabricante/distribuidor México; autorización SEMOVI,Prueba mexicana de la misma clase,S13;S14;S32;S34;S56,"Parcial: ficha/contexto disponible; confirmar aplicabilidad, recuperar recurso y/o dato específico",Ficha/versionado actual; cotización con vigencia; estudios históricos delimitados,Por unidad/ramal/sentido/franja según variable; no agregar otros ramales,Licencia explícita para redistribuir recurso; UNKNOWN sólo cita; PNT versión pública sin datos personales,Consultar fuente primaria; recuperar recurso permitido; contrastar fecha/granularidad; PNT/observación si falta,A/B para específico oficial; C/D/E sólo comparable delimitado; F si supuesto,Escenario equivalente,Plazas/demanda/geometría → clase → consumo y carga,"Registrar NO VERIFICADO y F; no cero; limitar conclusión, no inventar rango"
F05,Alternativa eléctrica,Precio/entrega/autorización/garantía de batería SOH,MXN;fecha;km/años;%SOH,CRITICA,Fabricante/distribuidor México; autorización SEMOVI,Prueba mexicana de la misma clase,S13;S14;S32;S34;S56,"Parcial: ficha/contexto disponible; confirmar aplicabilidad, recuperar recurso y/o dato específico",Ficha/versionado actual; cotización con vigencia; estudios históricos delimitados,Por unidad/ramal/sentido/franja según variable; no agregar otros ramales,Licencia explícita para redistribuir recurso; UNKNOWN sólo cita; PNT versión pública sin datos personales,Consultar fuente primaria; recuperar recurso permitido; contrastar fecha/granularidad; PNT/observación si falta,A/B para específico oficial; C/D/E sólo comparable delimitado; F si supuesto,Escenario equivalente,Plazas/demanda/geometría → clase → consumo y carga,"Registrar NO VERIFICADO y F; no cero; limitar conclusión, no inventar rango"
F06,Alternativa eléctrica,Motor/torque/pendiente/regeneración/altura libre,kW;Nm;%;m,DESEABLE,Fabricante/distribuidor México; autorización SEMOVI,Prueba mexicana de la misma clase,S13;S14;S32;S34;S56,"Parcial: ficha/contexto disponible; confirmar aplicabilidad, recuperar recurso y/o dato específico",Ficha/versionado actual; cotización con vigencia; estudios históricos delimitados,Por unidad/ramal/sentido/franja según variable; no agregar otros ramales,Licencia explícita para redistribuir recurso; UNKNOWN sólo cita; PNT versión pública sin datos personales,Consultar fuente primaria; recuperar recurso permitido; contrastar fecha/granularidad; PNT/observación si falta,A/B para específico oficial; C/D/E sólo comparable delimitado; F si supuesto,Escenario equivalente,Plazas/demanda/geometría → clase → consumo y carga,"Registrar NO VERIFICADO y F; no cero; limitar conclusión, no inventar rango"
F07,Alternativa eléctrica,Degradación/reemplazo/servicio y mantenimiento,%SOH/año;MXN/km;plazo,CRITICA,Fabricante/distribuidor México; autorización SEMOVI,Prueba mexicana de la misma clase,S13;S14;S32;S34;S56,"Parcial: ficha/contexto disponible; confirmar aplicabilidad, recuperar recurso y/o dato específico",Ficha/versionado actual; cotización con vigencia; estudios históricos delimitados,Por unidad/ramal/sentido/franja según variable; no agregar otros ramales,Licencia explícita para redistribuir recurso; UNKNOWN sólo cita; PNT versión pública sin datos personales,Consultar fuente primaria; recuperar recurso permitido; contrastar fecha/granularidad; PNT/observación si falta,A/B para específico oficial; C/D/E sólo comparable delimitado; F si supuesto,Escenario equivalente,Plazas/demanda/geometría → clase → consumo y carga,"Registrar NO VERIFICADO y F; no cero; limitar conclusión, no inventar rango"
G01,Perfil físico,Elevación/pendientes/desnivel por sentido,m;%,DESEABLE,Geometría SEMOVI + elevación INEGI + vialidad oficial,Recorrido GPS/odómetro y observación,S22;S23;S24;S35;S55,"Parcial: ficha/contexto disponible; confirmar aplicabilidad, recuperar recurso y/o dato específico",Geometría contrastada 2026; elevación con fecha y resolución del producto,Por unidad/ramal/sentido/franja según variable; no agregar otros ramales,Licencia explícita para redistribuir recurso; UNKNOWN sólo cita; PNT versión pública sin datos personales,Consultar fuente primaria; recuperar recurso permitido; contrastar fecha/granularidad; PNT/observación si falta,A/B para específico oficial; C/D/E sólo comparable delimitado; F si supuesto,Condiciones físicas/consumo,Geometría por sentido validada → perfil con resolución/datum,"Registrar NO VERIFICADO y F; no cero; limitar conclusión, no inventar rango"
G02,Perfil físico,Topes/intersecciones/semáforos/detenciones,n y ubicación,DESEABLE,Geometría SEMOVI + elevación INEGI + vialidad oficial,Recorrido GPS/odómetro y observación,S22;S23;S24;S35;S55,"Parcial: ficha/contexto disponible; confirmar aplicabilidad, recuperar recurso y/o dato específico",Geometría contrastada 2026; elevación con fecha y resolución del producto,Por unidad/ramal/sentido/franja según variable; no agregar otros ramales,Licencia explícita para redistribuir recurso; UNKNOWN sólo cita; PNT versión pública sin datos personales,Consultar fuente primaria; recuperar recurso permitido; contrastar fecha/granularidad; PNT/observación si falta,A/B para específico oficial; C/D/E sólo comparable delimitado; F si supuesto,Condiciones físicas/consumo,Geometría por sentido validada → perfil con resolución/datum,"Registrar NO VERIFICADO y F; no cero; limitar conclusión, no inventar rango"
G03,Perfil físico,Vialidad/velocidad/pavimento/giros restrictivos,tipo;km/h;condición,DESEABLE,Geometría SEMOVI + elevación INEGI + vialidad oficial,Recorrido GPS/odómetro y observación,S22;S23;S24;S35;S55,"Parcial: ficha/contexto disponible; confirmar aplicabilidad, recuperar recurso y/o dato específico",Geometría contrastada 2026; elevación con fecha y resolución del producto,Por unidad/ramal/sentido/franja según variable; no agregar otros ramales,Licencia explícita para redistribuir recurso; UNKNOWN sólo cita; PNT versión pública sin datos personales,Consultar fuente primaria; recuperar recurso permitido; contrastar fecha/granularidad; PNT/observación si falta,A/B para específico oficial; C/D/E sólo comparable delimitado; F si supuesto,Condiciones físicas/consumo,Geometría por sentido validada → perfil con resolución/datum,"Registrar NO VERIFICADO y F; no cero; limitar conclusión, no inventar rango"
H01,Energía y carga,Patio titular/permiso/pernocta/plazas/ventana,ubicación;documento;n;h,CRITICA,Titular patio / CFE / ORT; contrato y factibilidad,Distribuidor EVSE y estudio de sitio comparable,S15;S16;S41;S42;S43,"Parcial: ficha/contexto disponible; confirmar aplicabilidad, recuperar recurso y/o dato específico",Consulta actual 2026; tarifa región/mes y oferta vigente,Por unidad/ramal/sentido/franja según variable; no agregar otros ramales,Licencia explícita para redistribuir recurso; UNKNOWN sólo cita; PNT versión pública sin datos personales,Consultar fuente primaria; recuperar recurso permitido; contrastar fecha/granularidad; PNT/observación si falta,A/B para específico oficial; C/D/E sólo comparable delimitado; F si supuesto,Carga y factura completa,Patio/ventana + candidato + km → conexión y costo,"Registrar NO VERIFICADO y F; no cero; limitar conclusión, no inventar rango"
H02,Energía y carga,Suministro y demanda/capacidad libre/factibilidad,tensión;kW;kVA;documento,CRITICA,Titular patio / CFE / ORT; contrato y factibilidad,Distribuidor EVSE y estudio de sitio comparable,S15;S16;S41;S42;S43,"Parcial: ficha/contexto disponible; confirmar aplicabilidad, recuperar recurso y/o dato específico",Consulta actual 2026; tarifa región/mes y oferta vigente,Por unidad/ramal/sentido/franja según variable; no agregar otros ramales,Licencia explícita para redistribuir recurso; UNKNOWN sólo cita; PNT versión pública sin datos personales,Consultar fuente primaria; recuperar recurso permitido; contrastar fecha/granularidad; PNT/observación si falta,A/B para específico oficial; C/D/E sólo comparable delimitado; F si supuesto,Carga y factura completa,Patio/ventana + candidato + km → conexión y costo,"Registrar NO VERIFICADO y F; no cero; limitar conclusión, no inventar rango"
H03,Energía y carga,EVSE y costo de obra/conexión/protecciones,kW;MXN por componente,CRITICA,Titular patio / CFE / ORT; contrato y factibilidad,Distribuidor EVSE y estudio de sitio comparable,S15;S16;S41;S42;S43,"Parcial: ficha/contexto disponible; confirmar aplicabilidad, recuperar recurso y/o dato específico",Consulta actual 2026; tarifa región/mes y oferta vigente,Por unidad/ramal/sentido/franja según variable; no agregar otros ramales,Licencia explícita para redistribuir recurso; UNKNOWN sólo cita; PNT versión pública sin datos personales,Consultar fuente primaria; recuperar recurso permitido; contrastar fecha/granularidad; PNT/observación si falta,A/B para específico oficial; C/D/E sólo comparable delimitado; F si supuesto,Carga y factura completa,Patio/ventana + candidato + km → conexión y costo,"Registrar NO VERIFICADO y F; no cero; limitar conclusión, no inventar rango"
H04,Energía y carga,Tarifa completa región/mes/fijo/demanda/impuestos,MXN/kWh;MXN/kW;MXN/mes,CRITICA,Titular patio / CFE / ORT; contrato y factibilidad,Distribuidor EVSE y estudio de sitio comparable,S15;S16;S41;S42;S43,"Parcial: ficha/contexto disponible; confirmar aplicabilidad, recuperar recurso y/o dato específico",Consulta actual 2026; tarifa región/mes y oferta vigente,Por unidad/ramal/sentido/franja según variable; no agregar otros ramales,Licencia explícita para redistribuir recurso; UNKNOWN sólo cita; PNT versión pública sin datos personales,Consultar fuente primaria; recuperar recurso permitido; contrastar fecha/granularidad; PNT/observación si falta,A/B para específico oficial; C/D/E sólo comparable delimitado; F si supuesto,Carga y factura completa,Patio/ventana + candidato + km → conexión y costo,"Registrar NO VERIFICADO y F; no cero; limitar conclusión, no inventar rango"
H05,Energía y carga,Carga pública u oportunidad compatible y acceso,ubicación;conector;precio;horario,DESEABLE,Titular patio / CFE / ORT; contrato y factibilidad,Distribuidor EVSE y estudio de sitio comparable,S15;S16;S41;S42;S43,"Parcial: ficha/contexto disponible; confirmar aplicabilidad, recuperar recurso y/o dato específico",Consulta actual 2026; tarifa región/mes y oferta vigente,Por unidad/ramal/sentido/franja según variable; no agregar otros ramales,Licencia explícita para redistribuir recurso; UNKNOWN sólo cita; PNT versión pública sin datos personales,Consultar fuente primaria; recuperar recurso permitido; contrastar fecha/granularidad; PNT/observación si falta,A/B para específico oficial; C/D/E sólo comparable delimitado; F si supuesto,Carga y factura completa,Patio/ventana + candidato + km → conexión y costo,"Registrar NO VERIFICADO y F; no cero; limitar conclusión, no inventar rango"
I01,Línea 14,"Operación efectiva, paradas y trazado por sentido",fecha;geometría;min,CRITICA,"STE / SEMOVI convenios, trazado, registros de servicio",Capital21 y periodismo reconocido,S05;S06;S07;S08;S09;S48,"Parcial: ficha/contexto disponible; confirmar aplicabilidad, recuperar recurso y/o dato específico",Operación 2026; separar anuncios previos de resultados,Por unidad/ramal/sentido/franja según variable; no agregar otros ramales,Licencia explícita para redistribuir recurso; UNKNOWN sólo cita; PNT versión pública sin datos personales,Consultar fuente primaria; recuperar recurso permitido; contrastar fecha/granularidad; PNT/observación si falta,A/B para específico oficial; C/D/E sólo comparable delimitado; F si supuesto,Continuidad/competencia y controles,Identidad Ruta1 → geografía/planes → demanda postapertura,"Registrar NO VERIFICADO y F; no cero; limitar conclusión, no inventar rango"
I02,Línea 14,Rutas/unidades sustituidas y convenios Ruta1/95,documentos/unidades,CRITICA,"STE / SEMOVI convenios, trazado, registros de servicio",Capital21 y periodismo reconocido,S05;S06;S07;S08;S09;S48,"Parcial: ficha/contexto disponible; confirmar aplicabilidad, recuperar recurso y/o dato específico",Operación 2026; separar anuncios previos de resultados,Por unidad/ramal/sentido/franja según variable; no agregar otros ramales,Licencia explícita para redistribuir recurso; UNKNOWN sólo cita; PNT versión pública sin datos personales,Consultar fuente primaria; recuperar recurso permitido; contrastar fecha/granularidad; PNT/observación si falta,A/B para específico oficial; C/D/E sólo comparable delimitado; F si supuesto,Continuidad/competencia y controles,Identidad Ruta1 → geografía/planes → demanda postapertura,"Registrar NO VERIFICADO y F; no cero; limitar conclusión, no inventar rango"
I03,Línea 14,"Afluencia, frecuencia y tiempos observados",viajes/día;min,DESEABLE,"STE / SEMOVI convenios, trazado, registros de servicio",Capital21 y periodismo reconocido,S05;S06;S07;S08;S09;S48,"Parcial: ficha/contexto disponible; confirmar aplicabilidad, recuperar recurso y/o dato específico",Operación 2026; separar anuncios previos de resultados,Por unidad/ramal/sentido/franja según variable; no agregar otros ramales,Licencia explícita para redistribuir recurso; UNKNOWN sólo cita; PNT versión pública sin datos personales,Consultar fuente primaria; recuperar recurso permitido; contrastar fecha/granularidad; PNT/observación si falta,A/B para específico oficial; C/D/E sólo comparable delimitado; F si supuesto,Continuidad/competencia y controles,Identidad Ruta1 → geografía/planes → demanda postapertura,"Registrar NO VERIFICADO y F; no cero; limitar conclusión, no inventar rango"
I04,Línea 14,Inversión/catenaria/subestaciones/capacidad y titular,MXN;kW;ubicación;documento,DESEABLE,"STE / SEMOVI convenios, trazado, registros de servicio",Capital21 y periodismo reconocido,S05;S06;S07;S08;S09;S48,"Parcial: ficha/contexto disponible; confirmar aplicabilidad, recuperar recurso y/o dato específico",Operación 2026; separar anuncios previos de resultados,Por unidad/ramal/sentido/franja según variable; no agregar otros ramales,Licencia explícita para redistribuir recurso; UNKNOWN sólo cita; PNT versión pública sin datos personales,Consultar fuente primaria; recuperar recurso permitido; contrastar fecha/granularidad; PNT/observación si falta,A/B para específico oficial; C/D/E sólo comparable delimitado; F si supuesto,Continuidad/competencia y controles,Identidad Ruta1 → geografía/planes → demanda postapertura,"Registrar NO VERIFICADO y F; no cero; limitar conclusión, no inventar rango"
I05,Línea 14,Esquema laboral/participación y cambios antes-después,contratos/series,DESEABLE,"STE / SEMOVI convenios, trazado, registros de servicio",Capital21 y periodismo reconocido,S05;S06;S07;S08;S09;S48,"Parcial: ficha/contexto disponible; confirmar aplicabilidad, recuperar recurso y/o dato específico",Operación 2026; separar anuncios previos de resultados,Por unidad/ramal/sentido/franja según variable; no agregar otros ramales,Licencia explícita para redistribuir recurso; UNKNOWN sólo cita; PNT versión pública sin datos personales,Consultar fuente primaria; recuperar recurso permitido; contrastar fecha/granularidad; PNT/observación si falta,A/B para específico oficial; C/D/E sólo comparable delimitado; F si supuesto,Continuidad/competencia y controles,Identidad Ruta1 → geografía/planes → demanda postapertura,"Registrar NO VERIFICADO y F; no cero; limitar conclusión, no inventar rango"
J01,Ambiente,Factores combustible y eléctrico compatibles,kgCO2[e]/L;kgCO2e/kWh,CRITICA,SEMARNAT factor SEN; inventarios/factores específicos,ICCT y EPA externo con fronteras explícitas,S18;S19;S20;S38;S40;S57,"Parcial: ficha/contexto disponible; confirmar aplicabilidad, recuperar recurso y/o dato específico",Último año aplicable verificado; histórico sólo sensibilidad delimitada,Por unidad/ramal/sentido/franja según variable; no agregar otros ramales,Licencia explícita para redistribuir recurso; UNKNOWN sólo cita; PNT versión pública sin datos personales,Consultar fuente primaria; recuperar recurso permitido; contrastar fecha/granularidad; PNT/observación si falta,A/B para específico oficial; C/D/E sólo comparable delimitado; F si supuesto,Emisiones por alcance,Clase/combustible/consumo → factores compatibles,"Registrar NO VERIFICADO y F; no cero; limitar conclusión, no inventar rango"
J02,Ambiente,NOx/PM de clase/motor y no escape,g/km;frontera,DESEABLE,SEMARNAT factor SEN; inventarios/factores específicos,ICCT y EPA externo con fronteras explícitas,S18;S19;S20;S38;S40;S57,"Parcial: ficha/contexto disponible; confirmar aplicabilidad, recuperar recurso y/o dato específico",Último año aplicable verificado; histórico sólo sensibilidad delimitada,Por unidad/ramal/sentido/franja según variable; no agregar otros ramales,Licencia explícita para redistribuir recurso; UNKNOWN sólo cita; PNT versión pública sin datos personales,Consultar fuente primaria; recuperar recurso permitido; contrastar fecha/granularidad; PNT/observación si falta,A/B para específico oficial; C/D/E sólo comparable delimitado; F si supuesto,Emisiones por alcance,Clase/combustible/consumo → factores compatibles,"Registrar NO VERIFICADO y F; no cero; limitar conclusión, no inventar rango"
J03,Ambiente,Upstream/batería/fabricación/residual LCA,kgCO2e;frontera,DESEABLE,SEMARNAT factor SEN; inventarios/factores específicos,ICCT y EPA externo con fronteras explícitas,S18;S19;S20;S38;S40;S57,"Parcial: ficha/contexto disponible; confirmar aplicabilidad, recuperar recurso y/o dato específico",Último año aplicable verificado; histórico sólo sensibilidad delimitada,Por unidad/ramal/sentido/franja según variable; no agregar otros ramales,Licencia explícita para redistribuir recurso; UNKNOWN sólo cita; PNT versión pública sin datos personales,Consultar fuente primaria; recuperar recurso permitido; contrastar fecha/granularidad; PNT/observación si falta,A/B para específico oficial; C/D/E sólo comparable delimitado; F si supuesto,Emisiones por alcance,Clase/combustible/consumo → factores compatibles,"Registrar NO VERIFICADO y F; no cero; limitar conclusión, no inventar rango"
K01,Zona de Hospitales,Hospitales/institutos y entradas desde paradas,ubicaciones;m caminables,CRITICA,Institutos de salud / INEGI / SEDEMA,Recorrido/accesos y testimonios cualitativos,S11;S12;S37;S38;S39,"Parcial: ficha/contexto disponible; confirmar aplicabilidad, recuperar recurso y/o dato específico",Directorios/operación 2026; estadísticas 2024–2025 contextualizadas,Por unidad/ramal/sentido/franja según variable; no agregar otros ramales,Licencia explícita para redistribuir recurso; UNKNOWN sólo cita; PNT versión pública sin datos personales,Consultar fuente primaria; recuperar recurso permitido; contrastar fecha/granularidad; PNT/observación si falta,A/B para específico oficial; C/D/E sólo comparable delimitado; F si supuesto,Función social y accesos,Paradas/accesos → función social; no afluencia agregada al ramal,"Registrar NO VERIFICADO y F; no cero; limitar conclusión, no inventar rango"
K02,Zona de Hospitales,Trabajadores/pacientes/visitantes y movilidad propia,personas o servicios según fuente;viajes,DESEABLE,Institutos de salud / INEGI / SEDEMA,Recorrido/accesos y testimonios cualitativos,S11;S12;S37;S38;S39,"Parcial: ficha/contexto disponible; confirmar aplicabilidad, recuperar recurso y/o dato específico",Directorios/operación 2026; estadísticas 2024–2025 contextualizadas,Por unidad/ramal/sentido/franja según variable; no agregar otros ramales,Licencia explícita para redistribuir recurso; UNKNOWN sólo cita; PNT versión pública sin datos personales,Consultar fuente primaria; recuperar recurso permitido; contrastar fecha/granularidad; PNT/observación si falta,A/B para específico oficial; C/D/E sólo comparable delimitado; F si supuesto,Función social y accesos,Paradas/accesos → función social; no afluencia agregada al ramal,"Registrar NO VERIFICADO y F; no cero; limitar conclusión, no inventar rango"
K03,Zona de Hospitales,Estaciones válidas y concentraciones ambientales,estación;µg/m3;periodo,DESEABLE,Institutos de salud / INEGI / SEDEMA,Recorrido/accesos y testimonios cualitativos,S11;S12;S37;S38;S39,"Parcial: ficha/contexto disponible; confirmar aplicabilidad, recuperar recurso y/o dato específico",Directorios/operación 2026; estadísticas 2024–2025 contextualizadas,Por unidad/ramal/sentido/franja según variable; no agregar otros ramales,Licencia explícita para redistribuir recurso; UNKNOWN sólo cita; PNT versión pública sin datos personales,Consultar fuente primaria; recuperar recurso permitido; contrastar fecha/granularidad; PNT/observación si falta,A/B para específico oficial; C/D/E sólo comparable delimitado; F si supuesto,Función social y accesos,Paradas/accesos → función social; no afluencia agregada al ramal,"Registrar NO VERIFICADO y F; no cero; limitar conclusión, no inventar rango"
L01,Economía y transición justa,Propiedad/organización y quién paga cada gasto,actores/documentos,CRITICA,Operador/concesionario; contratos; FIFINTRA reglas/beneficiarios,ICCT y programas comparables delimitados,S10;S17;S26;S27;S28;S33;S45;S46;S47,"Faltante para ramal; fuentes/contexto localizados, sin medición específica",Ingreso y crédito actuales; reglas vigentes 2026 y cotización fechada,Por unidad/ramal/sentido/franja según variable; no agregar otros ramales,Licencia explícita para redistribuir recurso; UNKNOWN sólo cita; PNT versión pública sin datos personales,Consultar fuente primaria; recuperar recurso permitido; contrastar fecha/granularidad; PNT/observación si falta,A/B para específico oficial; C/D/E sólo comparable delimitado; F si supuesto,Asequibilidad e ingreso protegido,Continuidad/jornada + gasto/recaudo por actor → asequibilidad,"Registrar NO VERIFICADO y F; no cero; limitar conclusión, no inventar rango"
L02,Economía y transición justa,Recaudo/cuota/ingreso neto/jornada/deuda actual,MXN/día;h;MXN,CRITICA,Operador/concesionario; contratos; FIFINTRA reglas/beneficiarios,ICCT y programas comparables delimitados,S10;S17;S26;S27;S28;S33;S45;S46;S47,"Faltante para ramal; fuentes/contexto localizados, sin medición específica",Ingreso y crédito actuales; reglas vigentes 2026 y cotización fechada,Por unidad/ramal/sentido/franja según variable; no agregar otros ramales,Licencia explícita para redistribuir recurso; UNKNOWN sólo cita; PNT versión pública sin datos personales,Consultar fuente primaria; recuperar recurso permitido; contrastar fecha/granularidad; PNT/observación si falta,A/B para específico oficial; C/D/E sólo comparable delimitado; F si supuesto,Asequibilidad e ingreso protegido,Continuidad/jornada + gasto/recaudo por actor → asequibilidad,"Registrar NO VERIFICADO y F; no cero; limitar conclusión, no inventar rango"
L03,Economía y transición justa,Crédito/enganche/CAT/plazo/garantías/comisiones,MXN;%;meses;condiciones,CRITICA,Operador/concesionario; contratos; FIFINTRA reglas/beneficiarios,ICCT y programas comparables delimitados,S10;S17;S26;S27;S28;S33;S45;S46;S47,"Faltante para ramal; fuentes/contexto localizados, sin medición específica",Ingreso y crédito actuales; reglas vigentes 2026 y cotización fechada,Por unidad/ramal/sentido/franja según variable; no agregar otros ramales,Licencia explícita para redistribuir recurso; UNKNOWN sólo cita; PNT versión pública sin datos personales,Consultar fuente primaria; recuperar recurso permitido; contrastar fecha/granularidad; PNT/observación si falta,A/B para específico oficial; C/D/E sólo comparable delimitado; F si supuesto,Asequibilidad e ingreso protegido,Continuidad/jornada + gasto/recaudo por actor → asequibilidad,"Registrar NO VERIFICADO y F; no cero; limitar conclusión, no inventar rango"
L04,Economía y transición justa,Subsidio/chatarrización elegible y desembolso,MXN;fecha;reglas,CRITICA,Operador/concesionario; contratos; FIFINTRA reglas/beneficiarios,ICCT y programas comparables delimitados,S10;S17;S26;S27;S28;S33;S45;S46;S47,"Faltante para ramal; fuentes/contexto localizados, sin medición específica",Ingreso y crédito actuales; reglas vigentes 2026 y cotización fechada,Por unidad/ramal/sentido/franja según variable; no agregar otros ramales,Licencia explícita para redistribuir recurso; UNKNOWN sólo cita; PNT versión pública sin datos personales,Consultar fuente primaria; recuperar recurso permitido; contrastar fecha/granularidad; PNT/observación si falta,A/B para específico oficial; C/D/E sólo comparable delimitado; F si supuesto,Asequibilidad e ingreso protegido,Continuidad/jornada + gasto/recaudo por actor → asequibilidad,"Registrar NO VERIFICADO y F; no cero; limitar conclusión, no inventar rango"
L05,Economía y transición justa,Ingreso/jornada/empleo y contingencia pactados,MXN;h;condiciones/actor,CRITICA,Operador/concesionario; contratos; FIFINTRA reglas/beneficiarios,ICCT y programas comparables delimitados,S10;S17;S26;S27;S28;S33;S45;S46;S47,"Faltante para ramal; fuentes/contexto localizados, sin medición específica",Ingreso y crédito actuales; reglas vigentes 2026 y cotización fechada,Por unidad/ramal/sentido/franja según variable; no agregar otros ramales,Licencia explícita para redistribuir recurso; UNKNOWN sólo cita; PNT versión pública sin datos personales,Consultar fuente primaria; recuperar recurso permitido; contrastar fecha/granularidad; PNT/observación si falta,A/B para específico oficial; C/D/E sólo comparable delimitado; F si supuesto,Asequibilidad e ingreso protegido,Continuidad/jornada + gasto/recaudo por actor → asequibilidad,"Registrar NO VERIFICADO y F; no cero; limitar conclusión, no inventar rango"
M01,Parámetros TCO,CAPEX/infraestructura y prorrateo por unidad,MXN y beneficiarios,CRITICA,"Cotizaciones, contratos y costos trazables por actor",Benchmarks mexicanos de clase comparable,S13;S32;S33,"Faltante para ramal; fuentes/contexto localizados, sin medición específica",Precios con fecha/vigencia; horizonte 1/5/10 años y vida útil definida,Por unidad/ramal/sentido/franja según variable; no agregar otros ramales,Licencia explícita para redistribuir recurso; UNKNOWN sólo cita; PNT versión pública sin datos personales,Consultar fuente primaria; recuperar recurso permitido; contrastar fecha/granularidad; PNT/observación si falta,A/B para específico oficial; C/D/E sólo comparable delimitado; F si supuesto,"TCO 1/5/10 años/vida útil, sin cálculo en esta fase",CAPEX + operación + carga + crédito → contabilidad sin duplicados,"Registrar NO VERIFICADO y F; no cero; limitar conclusión, no inventar rango"
M02,Parámetros TCO,Batería/reposiciones/vida útil/residual,MXN;años;km;%SOH,CRITICA,"Cotizaciones, contratos y costos trazables por actor",Benchmarks mexicanos de clase comparable,S13;S32;S33,"Faltante para ramal; fuentes/contexto localizados, sin medición específica",Precios con fecha/vigencia; horizonte 1/5/10 años y vida útil definida,Por unidad/ramal/sentido/franja según variable; no agregar otros ramales,Licencia explícita para redistribuir recurso; UNKNOWN sólo cita; PNT versión pública sin datos personales,Consultar fuente primaria; recuperar recurso permitido; contrastar fecha/granularidad; PNT/observación si falta,A/B para específico oficial; C/D/E sólo comparable delimitado; F si supuesto,"TCO 1/5/10 años/vida útil, sin cálculo en esta fase",CAPEX + operación + carga + crédito → contabilidad sin duplicados,"Registrar NO VERIFICADO y F; no cero; limitar conclusión, no inventar rango"
M03,Parámetros TCO,Inflación/descuento/horizonte/impuestos,%;años;criterio IVA,CRITICA,"Cotizaciones, contratos y costos trazables por actor",Benchmarks mexicanos de clase comparable,S13;S32;S33,"Faltante para ramal; fuentes/contexto localizados, sin medición específica",Precios con fecha/vigencia; horizonte 1/5/10 años y vida útil definida,Por unidad/ramal/sentido/franja según variable; no agregar otros ramales,Licencia explícita para redistribuir recurso; UNKNOWN sólo cita; PNT versión pública sin datos personales,Consultar fuente primaria; recuperar recurso permitido; contrastar fecha/granularidad; PNT/observación si falta,A/B para específico oficial; C/D/E sólo comparable delimitado; F si supuesto,"TCO 1/5/10 años/vida útil, sin cálculo en esta fase",CAPEX + operación + carga + crédito → contabilidad sin duplicados,"Registrar NO VERIFICADO y F; no cero; limitar conclusión, no inventar rango"
M04,Parámetros TCO,Principal/intereses/caja/subsidios sin doble conteo,MXN;cronograma,CRITICA,"Cotizaciones, contratos y costos trazables por actor",Benchmarks mexicanos de clase comparable,S13;S32;S33,"Faltante para ramal; fuentes/contexto localizados, sin medición específica",Precios con fecha/vigencia; horizonte 1/5/10 años y vida útil definida,Por unidad/ramal/sentido/franja según variable; no agregar otros ramales,Licencia explícita para redistribuir recurso; UNKNOWN sólo cita; PNT versión pública sin datos personales,Consultar fuente primaria; recuperar recurso permitido; contrastar fecha/granularidad; PNT/observación si falta,A/B para específico oficial; C/D/E sólo comparable delimitado; F si supuesto,"TCO 1/5/10 años/vida útil, sin cálculo en esta fase",CAPEX + operación + carga + crédito → contabilidad sin duplicados,"Registrar NO VERIFICADO y F; no cero; limitar conclusión, no inventar rango"
M05,Parámetros TCO,Externalidades separadas del flujo del operador,MXN/u y frontera si respaldada,DESEABLE,"Cotizaciones, contratos y costos trazables por actor",Benchmarks mexicanos de clase comparable,S13;S32;S33,"Faltante para ramal; fuentes/contexto localizados, sin medición específica",Precios con fecha/vigencia; horizonte 1/5/10 años y vida útil definida,Por unidad/ramal/sentido/franja según variable; no agregar otros ramales,Licencia explícita para redistribuir recurso; UNKNOWN sólo cita; PNT versión pública sin datos personales,Consultar fuente primaria; recuperar recurso permitido; contrastar fecha/granularidad; PNT/observación si falta,A/B para específico oficial; C/D/E sólo comparable delimitado; F si supuesto,"TCO 1/5/10 años/vida útil, sin cálculo en esta fase",CAPEX + operación + carga + crédito → contabilidad sin duplicados,"Registrar NO VERIFICADO y F; no cero; limitar conclusión, no inventar rango"
N01,Regulación,Concesión/sustitución/revista/normas por clase,documento;fecha;resultado,CRITICA,Gaceta / SEMOVI / DOF / CNE; actos vigentes por modalidad,Compilación PAOT con reformas y transitorios,S29;S30;S31;S41;S42;S43;S56;S57,"Parcial: ficha/contexto disponible; confirmar aplicabilidad, recuperar recurso y/o dato específico",Versión vigente comprobada; 2003 histórico abrogado,Por unidad/ramal/sentido/franja según variable; no agregar otros ramales,Licencia explícita para redistribuir recurso; UNKNOWN sólo cita; PNT versión pública sin datos personales,Consultar fuente primaria; recuperar recurso permitido; contrastar fecha/granularidad; PNT/observación si falta,A/B para específico oficial; C/D/E sólo comparable delimitado; F si supuesto,Elegibilidad y cumplimiento,Modalidad/unidad/sitio → requisitos y permisos,"Registrar NO VERIFICADO y F; no cero; limitar conclusión, no inventar rango"
N02,Regulación,Carga y ocupación del patio/CETRAM,documento/permiso,CRITICA,Gaceta / SEMOVI / DOF / CNE; actos vigentes por modalidad,Compilación PAOT con reformas y transitorios,S29;S30;S31;S41;S42;S43;S56;S57,"Parcial: ficha/contexto disponible; confirmar aplicabilidad, recuperar recurso y/o dato específico",Versión vigente comprobada; 2003 histórico abrogado,Por unidad/ramal/sentido/franja según variable; no agregar otros ramales,Licencia explícita para redistribuir recurso; UNKNOWN sólo cita; PNT versión pública sin datos personales,Consultar fuente primaria; recuperar recurso permitido; contrastar fecha/granularidad; PNT/observación si falta,A/B para específico oficial; C/D/E sólo comparable delimitado; F si supuesto,Elegibilidad y cumplimiento,Modalidad/unidad/sitio → requisitos y permisos,"Registrar NO VERIFICADO y F; no cero; limitar conclusión, no inventar rango"
