prioridad,categoria,instituciones_portales,fuentes_registradas,busquedas_concretas,resultado,recurso_por_recuperar,dependencia_o_limite
1,Ruta y operación,SEMOVI / ORT; derroteros y registros por ramal / Catálogo externo y observación fechada,S01;S02;S03;S22;S23;S24,"""Ruta 1"" ""Metro Universidad"" ""San Fernando""; ""Ruta 1"" Huipulco; site:datos.cdmx.gob.mx ""concesionado de ruta""",Identidad catalogada; GIS histórico y GTFS localizados; continuidad no confirmada,Originales permitidos según registro; UNKNOWN conservar cita y verificar términos,Identidad de ramal → geometría/jornada
1,Línea 14,"STE / SEMOVI convenios, trazado, registros de servicio / Capital21 y periodismo reconocido",S05;S06;S07;S08;S09;S48,"site:ste.cdmx.gob.mx ""Línea 14""; ""Línea 14"" ""Ruta 95""; Universidad Huipulco inauguración 2026",Apertura reportada; geografía delimitada; convenios/series pendientes,Originales permitidos según registro; UNKNOWN conservar cita y verificar términos,Identidad Ruta1 → geografía/planes → demanda postapertura
2,Demanda,Estudio/aforo SEMOVI por ramal y franja / Observación parcial consentida; Metro/CETRAM como contexto,S07;S37,"""Ruta 1"" ""San Fernando"" pasajeros demanda aforo; site:semovi.cdmx.gob.mx Ruta 1 demanda",Sin demanda propia; agregados no atribuibles,Originales permitidos según registro; UNKNOWN conservar cita y verificar términos,Identidad → demanda por sentido y franja
2,Flota actual,"SEMOVI padrón/revista/asignaciones / Documentos de unidad y operador, sin inferir apariencia",S31;S29,"""Ruta 1"" ""San Fernando"" unidades flota; site:semovi.cdmx.gob.mx revista ruta 2026",Sin padrón por ramal; portal revista no abierto,Originales permitidos según registro; UNKNOWN conservar cita y verificar términos,Identidad/continuidad → clase/plazas → candidato
2,Economía y transición justa,Operador/concesionario; contratos; FIFINTRA reglas/beneficiarios / ICCT y programas comparables delimitados,S10;S17;S26;S27;S28;S33;S45;S46;S47,"""Servicio Zonal Pedregales"" ""Ruta 1""; FIFINTRA Informe ANUAL 2023; Jefatura bonos eléctricos 2026; NAFIN autotransporte federal",Pedregales no continuó; anuncio 2026 no elegibilidad; sin ingreso/crédito,Originales permitidos según registro; UNKNOWN conservar cita y verificar términos,Continuidad/jornada + gasto/recaudo por actor → asequibilidad
2,Regulación,Gaceta / SEMOVI / DOF / CNE; actos vigentes por modalidad / Compilación PAOT con reformas y transitorios,S29;S30;S31;S41;S42;S43;S56;S57,site:paot.org.mx ley movilidad artículo 97; Reglamento Ley Movilidad abroga 2003; NOM-045-SEMARNAT-2017,2003 abrogado; normas actuales parciales y aplicabilidad pendiente,Originales permitidos según registro; UNKNOWN conservar cita y verificar términos,Modalidad/unidad/sitio → requisitos y permisos
3,Alternativa eléctrica,Fabricante/distribuidor México; autorización SEMOVI / Prueba mexicana de la misma clase,S13;S14;S32;S34;S56,KINGO EV México ficha técnica; Gree México minibus GTQ6600BEVB30,Dos candidatos de distinta clase; equivalencia pendiente,Originales permitidos según registro; UNKNOWN conservar cita y verificar términos,Plazas/demanda/geometría → clase → consumo y carga
3,Energía y carga,Titular patio / CFE / ORT; contrato y factibilidad / Distribuidor EVSE y estudio de sitio comparable,S15;S16;S41;S42;S43,site:cfe.mx PDBT GDMTO; site:dof.gob.mx electromovilidad infraestructura carga; CNE tarifas 2026,"Categorías/regulación; sin patio, tarifa exacta o conexión",Originales permitidos según registro; UNKNOWN conservar cita y verificar términos,Patio/ventana + candidato + km → conexión y costo
3,Zona de Hospitales,Institutos de salud / INEGI / SEDEMA / Recorrido/accesos y testimonios cualitativos,S11;S12;S37;S38;S39,site:incan.salud.gob.mx San Fernando; site:dof.gob.mx institutos domicilios; INEGI DENUE 2026; SEDEMA RAMA estaciones,Domicilios y directorios; accesos/movilidad propia pendientes,Originales permitidos según registro; UNKNOWN conservar cita y verificar términos,Paradas/accesos → función social; no afluencia agregada al ramal
4,Condiciones del servicio,SEMOVI inspecciones/quejas; SSC siniestros desagregados / Observación o periodismo identificado,S31;S49,"""Ruta 1"" Huipulco mantenimiento quejas siniestros; ""Ruta 1"" ""2026"" Estadio",Sin serie específica; testimonio cualitativo delimitado,Originales permitidos según registro; UNKNOWN conservar cita y verificar términos,Identidad y unidad → registro de problemas
4,Costos actuales,Comprobantes operador y cotización de clase equivalente / Estudio mexicano comparable; PROFECO,S13;S33;S44,KINGO gasolina 16 pasajeros precio México; site:datos.profeco.gob.mx combustibles,Comparador comercial; sin costos operativos actuales,Originales permitidos según registro; UNKNOWN conservar cita y verificar términos,Unidad/utilización → consumos y costos completos
4,Perfil físico,Geometría SEMOVI + elevación INEGI + vialidad oficial / Recorrido GPS/odómetro y observación,S22;S23;S24;S35;S55,site:inegi.org.mx modelos digitales elevación CEM; site:datos.cdmx.gob.mx rutas SHP KMZ,Licencias y productos GIS localizados; no perfil calculado,Originales permitidos según registro; UNKNOWN conservar cita y verificar términos,Geometría por sentido validada → perfil con resolución/datum
4,Ambiente,SEMARNAT factor SEN; inventarios/factores específicos / ICCT y EPA externo con fronteras explícitas,S18;S19;S20;S38;S40;S57,site:gob.mx factor emisión eléctrico COA 2026; site:sedema.cdmx.gob.mx inventario emisiones ZMVM 2020,Factor histórico y aviso nuevo pendiente; sin beneficio del ramal,Originales permitidos según registro; UNKNOWN conservar cita y verificar términos,Clase/combustible/consumo → factores compatibles
4,Parámetros TCO,"Cotizaciones, contratos y costos trazables por actor / Benchmarks mexicanos de clase comparable",S13;S32;S33,site:theicct.org México Metrobús TCO flota eléctrica; México batería garantía mantenimiento bus eléctrico,Precedentes y variables; no TCO final,Originales permitidos según registro; UNKNOWN conservar cita y verificar términos,CAPEX + operación + carga + crédito → contabilidad sin duplicados
