id,variable,unidad,valor_bajo_prueba,valor_central_prueba,valor_alto_prueba,naturaleza,nivel_evidencia,fundamento,limite_y_dependencias,uso
EX01,Kilómetros de servicio diarios por unidad,km/día,100,180,260,supuesto,F,No hay utilización propia; tres valores elegidos para explorar sensibilidad.,No incluyen vacío/patio; deben caber en horario con viajes y personal suficientes.,Calcular actividad de un día representativo supuesto.
EX02,Kilómetros vacíos y patio como fracción del servicio,fracción,0,0.05,0.15,supuesto,F,"Valores diseñados, no distancia real de patio.","Sumar una vez a km de servicio; cero sólo es una hipótesis favorable, no sitio probado.",Explorar costo de acceder a carga.
EX03,"Rendimiento combustión, referencia representativa",km/L,5,7,9,supuesto,F,Valores hipotéticos para comparar una clase pequeña; no medición ni rango mexicano validado.,Identificar gasolina/diésel y vehículo; comparar capacidad equivalente; no trasladar a articulados.,Sensibilidad energética; no describir flota actual.
EX04,"Consumo BEV en batería, con auxiliares",kWh/km,0.20,0.25,0.40,supuesto,F,Pruebas diseñadas por encima/en torno al orden comercial; no autonomía homologada ni intervalo medido.,No usar consumo de articulado M27; auxiliares ya incluidos; contrastar con pruebas futuras.,Evaluar consumo conservando el alcance de batería.
EX05,Eficiencia entre medidor y batería,fracción,0.85,0.90,0.95,supuesto,F,Hipótesis de pérdidas para sensibilidad.,kWh comprados = kWh batería / eficiencia; no descontar pérdidas dos veces.,Separar energía técnica y facturable.
EX06,Estado de salud de batería,fracción,0.80,0.90,1.00,supuesto,F,Escenarios elegidos de capacidad remanente.,No trayectoria anual de degradación ni garantía del fabricante; se combina con ventana SOC.,Explorar robustez a capacidad degradada.
EX07,SOC mínimo con reserva incluida,fracción,0.10,0.15,0.20,supuesto,F,Reserva hipotética para diseñar pruebas.,SOC máximo de prueba 0.90; incluir reserva una sola vez y verificar reglas reales del fabricante.,Estimar energía disponible entre cargas.
EX08,Ventana disponible de carga,h,4,8,10,supuesto,F,Ventanas hipotéticas; no horario/pernocta observados.,"Maniobras, curvas, cola y carga dentro de jornada pagada; kit 7 kW M12 no prueba conexión.",Identificar necesidad de potencia o cambio operativo.
EX09,Precio variable de electricidad para prueba,MXN/kWh,2,4,6,supuesto,F,Precios elegidos para explorar sensibilidad; no tarifa CFE ni cotización.,Añadir demanda/cargo fijo e instalación por separado; no publicar ahorro completo sin esas entradas.,Resolver a qué precio variable cambia la comparación.
EX10,Días de operación de la unidad por mes,días/mes,22,26,30,supuesto,F,Calendarios hipotéticos de unidad.,No equivalen a días trabajados por una persona; descansos y relevo deben tener cobertura y costo.,Convertir actividad de unidad a mes supuesto.
EX11,Tasa nominal anual de financiamiento para prueba,fracción/año,0.12,0.18,0.24,supuesto,F,"Sensibilidad elegida, sin oferta de crédito aplicable.","Especificar mensualización, comisiones e impuestos; no CAT ni tasa aprobada.",Comparar estructura de pagos y umbral de capacidad de pago.
EX12,Plazo de financiamiento para prueba,meses,36,60,84,supuesto,F,Plazos hipotéticos de análisis.,"Horizonte, concesión, garantía y batería por validar; comparar a igual período y residual.",Explorar liquidez frente a costo acumulado.
EX13,Enganche de compra,fracción del precio,0.10,0.20,0.30,supuesto,F,Porcentajes elegidos; no condiciones de proveedor.,Infraestructura y capital de trabajo adicionales; capacidad inicial no se deduce de recaudo futuro.,Mostrar brecha de desembolso inicial.
EX14,Apoyo comprometido usado en caso sin apoyo,MXN,,0,,supuesto,F,"Caso de política sin aportación, no declaración de inexistencia de programas.",Variantes con apoyo requieren monto F explícito y calendario; no asignar M19 a Ruta 1.,Separar ahorro propio y aportación hipotética.
