id,variable,valor,estado,unidad,minimo,maximo,fuente_id,fuente,url,pagina_o_campo,anio_cobertura,fecha_consulta,ambito,naturaleza,nivel,limitacion,uso_permitido,formula_o_entradas,nivel_anterior
R01,Identidad catalogada,Metro CU–San Fernando Huipulco,registrado,texto,,,S01;S02,Metro CU–San Fernando Huipulco: sentido Huipulco; Metro CU–San Fernando Huipulco: sentido CU,https://moovitapp.com/index/es-419/transporte_p%C3%BAblico-line-1-Ciudad_de_Mexico-822-3791235-336644108-1; https://moovitapp.com/index/es-419/transporte_p%C3%BAblico-line-1-Ciudad_de_Mexico-822-3791235-336644108-0,Nombre de línea,s/f; catálogo consultado en 2026; s/f; catálogo consultado en 2026,2026-10-06,ramal,proxy,F,Sin título/continuidad verificados,"Reconocer servicio, validar en campo",,D
R02,Extremos ida,El Paso CU #1875 → Acoxpa #2551,registrado,texto,,,S01,Metro CU–San Fernando Huipulco: sentido Huipulco,https://moovitapp.com/index/es-419/transporte_p%C3%BAblico-line-1-Ciudad_de_Mexico-822-3791235-336644108-1,Itinerario,s/f; catálogo consultado en 2026,2026-10-06,ramal,proxy,F,Bases reales pendientes,Identificación por sentido,,D
R03,Extremos retorno,Acoxpa #2552 → Cerrada 7 #1876,registrado,texto,,,S02,Metro CU–San Fernando Huipulco: sentido CU,https://moovitapp.com/index/es-419/transporte_p%C3%BAblico-line-1-Ciudad_de_Mexico-822-3791235-336644108-0,Itinerario,s/f; catálogo consultado en 2026,2026-10-06,ramal,proxy,F,Bases reales pendientes,Identificación por sentido,,D
R04,Paradas catalogadas por sentido,27,registrado,paradas,,,S04,Horario y mapa de la ruta 1 de autobús,https://appassets.mvtdev.com/map/188/l/822/336644108.pdf,PDF 1–3,s/f; pie ©2026,2026-10-06,ramal,proxy,F,No inventario oficial,Reconocer catálogo,,D
R05,Duración ida catálogo,30,registrado,min,,,S01,Metro CU–San Fernando Huipulco: sentido Huipulco,https://moovitapp.com/index/es-419/transporte_p%C3%BAblico-line-1-Ciudad_de_Mexico-822-3791235-336644108-1,Información adicional,s/f; catálogo consultado en 2026,2026-10-06,ramal,proxy,F,Sin congestión/esperas observadas,Referencia para observación,,D
R06,Duración retorno catálogo,31,registrado,min,,,S02,Metro CU–San Fernando Huipulco: sentido CU,https://moovitapp.com/index/es-419/transporte_p%C3%BAblico-line-1-Ciudad_de_Mexico-822-3791235-336644108-0,Información adicional,s/f; catálogo consultado en 2026,2026-10-06,ramal,proxy,F,Sin congestión/esperas observadas,Referencia para observación,,D
R07,Suma tiempos catálogo,61,registrado,min/ciclo,,,S01;S02;S21,"Metro CU–San Fernando Huipulco: sentido Huipulco; Metro CU–San Fernando Huipulco: sentido CU; Hipótesis, cálculos y pendientes de esta investigación",https://moovitapp.com/index/es-419/transporte_p%C3%BAblico-line-1-Ciudad_de_Mexico-822-3791235-336644108-1; https://moovitapp.com/index/es-419/transporte_p%C3%BAblico-line-1-Ciudad_de_Mexico-822-3791235-336644108-0; docs/investigacion/ruta1/investigacion-ruta1.md,Ejemplo de suma,s/f; catálogo consultado en 2026; s/f; catálogo consultado en 2026; 2026-10-06,2026-10-06,ramal,derivado,F,No ciclo operativo ni vueltas diarias,Orientar medición,R05 + R06; excluye espera y regulación,E
R08,Horario laborable catálogo,05:00–22:50,registrado,hora local,,,S04,Horario y mapa de la ruta 1 de autobús,https://appassets.mvtdev.com/map/188/l/822/336644108.pdf,PDF 1–2,s/f; pie ©2026,2026-10-06,ramal,proxy,F,"Horario línea, no unidad",Planear observación,,D
R09,Horario fin de semana catálogo,06:00–21:45,registrado,hora local,,,S04,Horario y mapa de la ruta 1 de autobús,https://appassets.mvtdev.com/map/188/l/822/336644108.pdf,PDF 1–2,s/f; pie ©2026,2026-10-06,ramal,proxy,F,"Horario línea, no unidad",Planear observación,,D
R10,Intervalo publicado por tipo de día,10 laborable / 15 fin de semana,registrado,min,,,S02,Metro CU–San Fernando Huipulco: sentido CU,https://moovitapp.com/index/es-419/transporte_p%C3%BAblico-line-1-Ciudad_de_Mexico-822-3791235-336644108-0,Horarios,s/f; catálogo consultado en 2026,2026-10-06,ramal,proxy,F,No frecuencia observada,Planear aforo,,D
R11,Inauguración Línea 14,2026-06-09,registrado,fecha,,,S05,CDMX inaugura las líneas El Chapulín y Animales Silvestres,https://noticiasc21.cdmx.gob.mx/noticia/gran-avance-en-electromovilidad-cdmx-inaugura-las-lineas-el-chapulin-y-animales-silvestres,Línea 14,2026-06-09,2026-10-06,corredor,oficial,B,"Inauguración, no garantía de operación diaria",Estado del proyecto,,B
R12,Unidades anunciadas Línea 14,19,registrado,unidades,,,S05,CDMX inaugura las líneas El Chapulín y Animales Silvestres,https://noticiasc21.cdmx.gob.mx/noticia/gran-avance-en-electromovilidad-cdmx-inaugura-las-lineas-el-chapulin-y-animales-silvestres,Operación,2026-06-09,2026-10-06,corredor,oficial,B,No asignación a Ruta 1,Contexto de competencia,,B
R13,Longitud publicada Línea 14,13 / 13.2,registrado,km,,,S05;S06,CDMX inaugura las líneas El Chapulín y Animales Silvestres; Operan desde ayer las rutas 0 y 14 de Trolebús,https://noticiasc21.cdmx.gob.mx/noticia/gran-avance-en-electromovilidad-cdmx-inaugura-las-lineas-el-chapulin-y-animales-silvestres; https://www.jornada.com.mx/2026/06/10/capital/029n2cap,Línea 14,2026-06-09; 2026-06-10,2026-10-06,corredor,proxy,C,Precisión y definición de longitud no aclaradas,Contexto; no usar como longitud Ruta 1,,D
R14,Intervalo anunciado Línea 14,2 / aproximadamente 4,registrado,min,,,S05;S06,CDMX inaugura las líneas El Chapulín y Animales Silvestres; Operan desde ayer las rutas 0 y 14 de Trolebús,https://noticiasc21.cdmx.gob.mx/noticia/gran-avance-en-electromovilidad-cdmx-inaugura-las-lineas-el-chapulin-y-animales-silvestres; https://www.jornada.com.mx/2026/06/10/capital/029n2cap,Intervalo/frecuencia,2026-06-09; 2026-06-10,2026-10-06,corredor,proxy,C,Discrepancia; no medición,Pendiente de campo,,D
R15,Referencia a Ruta 95,Participación junto a STE y Corevsa,registrado,texto,,,S06,Operan desde ayer las rutas 0 y 14 de Trolebús,https://www.jornada.com.mx/2026/06/10/capital/029n2cap,Párrafo operación,2026-06-10,2026-10-06,corredor,proxy,C,Nota conjunta líneas 0/14; convenio no leído,"Indicio, no sustitución por ramal",,D
R16,Viajes mostrados Línea 14,541693,periodo_por_confirmar,viajes acumulados,,,S07,MI Movilidad: afluencia Trolebús,https://app.semovi.cdmx.gob.mx/MI_movilidad/afluenciatb,Tarjeta Línea 14,s/f; índice enero–agosto 2026,2026-10-06,corredor,oficial,B,Periodo indexado enero–agosto 2026; filtros sin recuperar,Indicio de uso; no promedio ni demanda Ruta 1,,B
R17,Servicio zonal Pedregales / Ruta 1,Zapata–Huipulco,registrado,texto,,,S10,"Lineamientos de sustitución: Pedregales, Azcapotzalco, Xochimilco Centro y Tlalpan Centro",https://www.semovi.cdmx.gob.mx/storage/app/media/FIFINTRA/5.%20Publicaciones/2023/Proceso_FIFINTRA_2023_PAXT_VF.pdf,PDF 3 y 5,2023-05-15,2026-10-06,otro ramal,oficial,B,Antecedente 2023; distinto recorrido,Distinguir planes,,B
R18,Bono histórico chatarrización,450000,registrado,MXN/unidad,,,S10,"Lineamientos de sustitución: Pedregales, Azcapotzalco, Xochimilco Centro y Tlalpan Centro",https://www.semovi.cdmx.gob.mx/storage/app/media/FIFINTRA/5.%20Publicaciones/2023/Proceso_FIFINTRA_2023_PAXT_VF.pdf,PDF 9 y 11,2023-05-15,2026-10-06,benchmark,oficial,C,Programa 2023; elegibilidad 2026 no verificada,Antecedente; no descontar de compra,,B
R19,INCan ubicación,San Fernando 22,registrado,domicilio,,,S11,Sitio institucional INCan,https://incan.salud.gob.mx/,Contacto,s/f,2026-10-06,zona hospitalaria,oficial,B,Acceso caminable y usuarios pendientes,Contexto geográfico,,B
R20,INER ubicación,Calzada de Tlalpan 4502,registrado,domicilio,,,S12,Acuerdo con domicilios de oficinas de representación en institutos,https://dof.gob.mx/nota_detalle_popup.php?codigo=5747233,Inciso i,2025-01-16,2026-10-06,zona hospitalaria,oficial,B,Domicilio oficina; no parada/acceso verificados,Contexto geográfico,,B
R21,Nutrición ubicación,Vasco de Quiroga 15,registrado,domicilio,,,S12,Acuerdo con domicilios de oficinas de representación en institutos,https://dof.gob.mx/nota_detalle_popup.php?codigo=5747233,Inciso h,2025-01-16,2026-10-06,zona hospitalaria,oficial,B,No demanda del ramal,Contexto geográfico,,B
R22,Cardiología ubicación,Juan Badiano 1,registrado,domicilio,,,S12,Acuerdo con domicilios de oficinas de representación en institutos,https://dof.gob.mx/nota_detalle_popup.php?codigo=5747233,Inciso g,2025-01-16,2026-10-06,zona hospitalaria,oficial,B,No demanda del ramal,Contexto geográfico,,B
P01,Continuidad operación del ramal,NO VERIFICADO,faltante,sí/no,,,S21,"Hipótesis, cálculos y pendientes de esta investigación",docs/investigacion/ruta1/investigacion-ruta1.md,Pendientes,2026-10-06,2026-10-06,ramal,supuesto,F,Ausencia en investigación no demuestra inexistencia,Registrar hueco; no usar como cero,,F
P02,Variantes y derroteros autorizados,NO VERIFICADO,faltante,texto,,,S21,"Hipótesis, cálculos y pendientes de esta investigación",docs/investigacion/ruta1/investigacion-ruta1.md,Pendientes,2026-10-06,2026-10-06,ramal,supuesto,F,Ausencia en investigación no demuestra inexistencia,Registrar hueco; no usar como cero,,F
P03,Sustitución específica 2024–2026,NO VERIFICADO,faltante,documento,,,S21,"Hipótesis, cálculos y pendientes de esta investigación",docs/investigacion/ruta1/investigacion-ruta1.md,Pendientes,2026-10-06,2026-10-06,ramal,supuesto,F,Ausencia en investigación no demuestra inexistencia,Registrar hueco; no usar como cero,,F
P04,Clase/combustible/año-modelo unidad base,NO VERIFICADO,faltante,texto,,,S21,"Hipótesis, cálculos y pendientes de esta investigación",docs/investigacion/ruta1/investigacion-ruta1.md,Pendientes,2026-10-06,2026-10-06,ramal,supuesto,F,Ausencia en investigación no demuestra inexistencia,Registrar hueco; no usar como cero,,F
P05,Capacidad autorizada unidad base,NO VERIFICADO,faltante,personas,,,S21,"Hipótesis, cálculos y pendientes de esta investigación",docs/investigacion/ruta1/investigacion-ruta1.md,Pendientes,2026-10-06,2026-10-06,ramal,supuesto,F,Ausencia en investigación no demuestra inexistencia,Registrar hueco; no usar como cero,,F
P06,Última revista unidad base,NO VERIFICADO,faltante,fecha/resultado,,,S21,"Hipótesis, cálculos y pendientes de esta investigación",docs/investigacion/ruta1/investigacion-ruta1.md,Pendientes,2026-10-06,2026-10-06,ramal,supuesto,F,Ausencia en investigación no demuestra inexistencia,Registrar hueco; no usar como cero,,F
P07,Distancia por sentido y ciclo,NO VERIFICADO,faltante,km,,,S21,"Hipótesis, cálculos y pendientes de esta investigación",docs/investigacion/ruta1/investigacion-ruta1.md,Pendientes,2026-10-06,2026-10-06,ramal,supuesto,F,Ausencia en investigación no demuestra inexistencia,Registrar hueco; no usar como cero,,F
P08,Vueltas y km diarios por unidad,NO VERIFICADO,faltante,vueltas; km/día,,,S21,"Hipótesis, cálculos y pendientes de esta investigación",docs/investigacion/ruta1/investigacion-ruta1.md,Pendientes,2026-10-06,2026-10-06,ramal,supuesto,F,Ausencia en investigación no demuestra inexistencia,Registrar hueco; no usar como cero,,F
P09,Jornada y ventana de carga unidad,NO VERIFICADO,faltante,h/día,,,S21,"Hipótesis, cálculos y pendientes de esta investigación",docs/investigacion/ruta1/investigacion-ruta1.md,Pendientes,2026-10-06,2026-10-06,ramal,supuesto,F,Ausencia en investigación no demuestra inexistencia,Registrar hueco; no usar como cero,,F
P10,Ocupación propia por franja,NO VERIFICADO,faltante,personas/unidad,,,S21,"Hipótesis, cálculos y pendientes de esta investigación",docs/investigacion/ruta1/investigacion-ruta1.md,Pendientes,2026-10-06,2026-10-06,ramal,supuesto,F,Ausencia en investigación no demuestra inexistencia,Registrar hueco; no usar como cero,,F
P11,Ascensos/frecuencia observados,NO VERIFICADO,faltante,ascensos; min,,,S21,"Hipótesis, cálculos y pendientes de esta investigación",docs/investigacion/ruta1/investigacion-ruta1.md,Pendientes,2026-10-06,2026-10-06,ramal,supuesto,F,Ausencia en investigación no demuestra inexistencia,Registrar hueco; no usar como cero,,F
P12,Motivos de viaje al hospital,NO VERIFICADO,faltante,respuestas,,,S21,"Hipótesis, cálculos y pendientes de esta investigación",docs/investigacion/ruta1/investigacion-ruta1.md,Pendientes,2026-10-06,2026-10-06,ramal,supuesto,F,Ausencia en investigación no demuestra inexistencia,Registrar hueco; no usar como cero,,F
P13,Consumo combustible actual,NO VERIFICADO,faltante,L/km,,,S21,"Hipótesis, cálculos y pendientes de esta investigación",docs/investigacion/ruta1/investigacion-ruta1.md,Pendientes,2026-10-06,2026-10-06,ramal,supuesto,F,Ausencia en investigación no demuestra inexistencia,Registrar hueco; no usar como cero,,F
P14,Precio combustible actual,NO VERIFICADO,faltante,MXN/L,,,S21,"Hipótesis, cálculos y pendientes de esta investigación",docs/investigacion/ruta1/investigacion-ruta1.md,Pendientes,2026-10-06,2026-10-06,ramal,supuesto,F,Ausencia en investigación no demuestra inexistencia,Registrar hueco; no usar como cero,,F
P15,Patio/titular/autorización,NO VERIFICADO,faltante,domicilio; documento,,,S21,"Hipótesis, cálculos y pendientes de esta investigación",docs/investigacion/ruta1/investigacion-ruta1.md,Pendientes,2026-10-06,2026-10-06,ramal,supuesto,F,Ausencia en investigación no demuestra inexistencia,Registrar hueco; no usar como cero,,F
P16,Conexión disponible y tarifa de octubre,NO VERIFICADO,faltante,kW; MXN/kWh,,,S15;S16;S21,"Tarifa PDBT; Tarifa GDMTO; Hipótesis, cálculos y pendientes de esta investigación",https://app.cfe.mx/Aplicaciones/CCFE/Tarifas/TarifasCRENegocio/Tarifas/PequenaDemandaBT.aspx; https://app.cfe.mx/Aplicaciones/CCFE/Tarifas/TarifasCREIndustria/Tarifas/GranDemandaMTO.aspx; docs/investigacion/ruta1/investigacion-ruta1.md,Pendientes,s/f; selector 2026; s/f; selector 2026; 2026-10-06,2026-10-06,ramal,supuesto,F,Ausencia en investigación no demuestra inexistencia,Registrar hueco; no usar como cero,,F
P17,Ingreso/recaudo/cuota/gastos por pagador,NO VERIFICADO,faltante,MXN/día,,,S21,"Hipótesis, cálculos y pendientes de esta investigación",docs/investigacion/ruta1/investigacion-ruta1.md,Pendientes,2026-10-06,2026-10-06,ramal,supuesto,F,Ausencia en investigación no demuestra inexistencia,Registrar hueco; no usar como cero,,F
P18,Deuda y condiciones financieras reales,NO VERIFICADO,faltante,MXN; tasa; plazo,,,S17;S21,"Aliados financieros; Hipótesis, cálculos y pendientes de esta investigación",https://kinglong.mx/financieros/; docs/investigacion/ruta1/investigacion-ruta1.md,Pendientes,s/f; 2026-10-06,2026-10-06,ramal,supuesto,F,Ausencia en investigación no demuestra inexistencia,Registrar hueco; no usar como cero,,F
P19,Mantenimiento/llantas/seguro de ambas unidades,NO VERIFICADO,faltante,MXN/mes,,,S21,"Hipótesis, cálculos y pendientes de esta investigación",docs/investigacion/ruta1/investigacion-ruta1.md,Pendientes,2026-10-06,2026-10-06,ramal,supuesto,F,Ausencia en investigación no demuestra inexistencia,Registrar hueco; no usar como cero,,F
P20,Cargador/obra/renta/respaldo/tiempo perdido,NO VERIFICADO,faltante,MXN; h,,,S21,"Hipótesis, cálculos y pendientes de esta investigación",docs/investigacion/ruta1/investigacion-ruta1.md,Pendientes,2026-10-06,2026-10-06,ramal,supuesto,F,Ausencia en investigación no demuestra inexistencia,Registrar hueco; no usar como cero,,F
P21,Batería útil/garantía SOH y comercial EV,NO VERIFICADO,faltante,kWh; años; km,,,S13;S14;S21,"Modelos KINGO; Ficha técnica eléctrica 2026; Hipótesis, cálculos y pendientes de esta investigación",https://kinglong.mx/modelos/; https://kinglong.mx/fichas/Ficha%20Te%CC%81cnica%20Ele%CC%81ctrica%202026.pdf; docs/investigacion/ruta1/investigacion-ruta1.md,Pendientes,s/f; web modelos 2027; 2026 en nombre; fecha exacta s/f; 2026-10-06,2026-10-06,unidad / benchmark,supuesto,F,Ausencia en investigación no demuestra inexistencia,Registrar hueco; no usar como cero,,F
P22,Conector y potencia admisible EV,NO VERIFICADO,faltante,tipo; kW,,,S21,"Hipótesis, cálculos y pendientes de esta investigación",docs/investigacion/ruta1/investigacion-ruta1.md,Pendientes,2026-10-06,2026-10-06,unidad / benchmark,supuesto,F,Ausencia en investigación no demuestra inexistencia,Registrar hueco; no usar como cero,,F
P23,Precio/versión/disponibilidad con cotización vigente,NO VERIFICADO,faltante,MXN; fecha,,,S13;S21,"Modelos KINGO; Hipótesis, cálculos y pendientes de esta investigación",https://kinglong.mx/modelos/; docs/investigacion/ruta1/investigacion-ruta1.md,Pendientes,s/f; web modelos 2027; 2026-10-06,2026-10-06,unidad / benchmark,supuesto,F,Ausencia en investigación no demuestra inexistencia,Registrar hueco; no usar como cero,,F
P24,Factor actualizado aplicable al escenario 2026,NO VERIFICADO,faltante,kgCO2e/kWh,,,S18;S19;S21,"Aviso FESEN 2024; Aviso factor eléctrico COA 2026; Hipótesis, cálculos y pendientes de esta investigación",https://www.gob.mx/cms/uploads/attachment/file/981194/aviso_fesen_2024.pdf; https://www.gob.mx/cms/uploads/attachment/file/1071249/aviso_factor_de_emision_electrico_coa_2026.pdf; docs/investigacion/ruta1/investigacion-ruta1.md,Pendientes,2025-02-28; s/f; listado actualizado 2026-05-29; 2026-10-06,2026-10-06,unidad / benchmark,supuesto,F,Ausencia en investigación no demuestra inexistencia,Registrar hueco; no usar como cero,,F
P25,Factores mexicanos completos y compatibles combustible,NO VERIFICADO,faltante,kgCO2e/L,,,S20;S21,"Greenhouse Gas Equivalencies Calculator: Calculations and References; Hipótesis, cálculos y pendientes de esta investigación",https://www.epa.gov/energy/greenhouse-gas-equivalencies-calculator-calculations-and-references; docs/investigacion/ruta1/investigacion-ruta1.md,Pendientes,s/f; factores referidos a regla de 2010; 2026-10-06,2026-10-06,unidad / benchmark,supuesto,F,Ausencia en investigación no demuestra inexistencia,Registrar hueco; no usar como cero,,F
V01,Candidato,KINGO EV 16 pasajeros,registrado,modelo,,,S13,Modelos KINGO,https://kinglong.mx/modelos/,KINGO EV,s/f; web modelos 2027,2026-10-06,unidad comercial,comercial,D,Equivalencia con unidad base no probada,Candidato condicionado,,C
V02,Capacidad anunciada,16,registrado,pasajeros,,,S13,Modelos KINGO,https://kinglong.mx/modelos/,Capacidad,s/f; web modelos 2027,2026-10-06,unidad comercial,comercial,D,Conductor/plazas/accesibilidad por confirmar,Evaluar equivalencia; no sustitución uno a uno,,C
V03,Dimensiones,5.470 × 1.885 × 2.285,registrado,m,,,S13,Modelos KINGO,https://kinglong.mx/modelos/,Dimensiones,s/f; web modelos 2027,2026-10-06,unidad comercial,comercial,D,Versión 2026/2027 debe fijarse,Preselección dimensional,,C
V04,Batería publicada,70.479,registrado,kWh,,,S13,Modelos KINGO,https://kinglong.mx/modelos/,Batería,s/f; web modelos 2027,2026-10-06,unidad comercial,comercial,D,No capacidad útil confirmada,Entrada nominal para sensibilidad,,C
V05,Autonomía publicada,≥280,registrado,km NEDC,,,S13,Modelos KINGO,https://kinglong.mx/modelos/,Batería,s/f; web modelos 2027,2026-10-06,unidad comercial,comercial,D,Ciclo de homologación; no Ruta 1,Contexto; no garantía de jornada,,C
V06,Consumo anunciado,<20,registrado,kWh/100km,,,S13,Modelos KINGO,https://kinglong.mx/modelos/,Batería,s/f; web modelos 2027,2026-10-06,unidad comercial,comercial,D,Punto de medición/ciclo no explicitados,No usar como consumo operativo,,C
V07,Precio EV lectura directa,1299000,registrado,MXN IVA incluido,,,S13,Modelos KINGO,https://kinglong.mx/modelos/,Precio,s/f; web modelos 2027,2026-10-06,unidad comercial,comercial,D,"Difiere de índice; sin vigencia; lectura 2026-10-06, sin vigencia de cotización","Referencia discrepante, no cotización",,C
V08,Precio EV extracto indexado,1349900,registrado,MXN IVA incluido,,,S13,Modelos KINGO,https://kinglong.mx/modelos/,Precio indexado,s/f; web modelos 2027,2026-10-06,unidad comercial,comercial,D,"Difiere de lectura directa; sin vigencia; lectura 2026-10-06, sin vigencia de cotización","Referencia discrepante, no cotización",,C
V09,Tiempo carga anunciado,<2,registrado,h,,,S13,Modelos KINGO,https://kinglong.mx/modelos/,Batería,s/f; web modelos 2027,2026-10-06,unidad comercial,comercial,D,Sin potencia/ventana SOC especificadas,Solicitar especificación; no dimensionar,,C
E01,Factor SEN histórico,0.444,registrado,kgCO2e/kWh,,,S18,Aviso FESEN 2024,https://www.gob.mx/cms/uploads/attachment/file/981194/aviso_fesen_2024.pdf,PDF 1,2025-02-28,2026-10-06,México 2024,oficial,D,Extracto indexado; no factor nuevo 2026,Benchmark histórico explícito,,B
E02,Gasolina factor EPA,8.887,registrado,kgCO2/galón estadounidense,,,S20,Greenhouse Gas Equivalencies Calculator: Calculations and References,https://www.epa.gov/energy/greenhouse-gas-equivalencies-calculator-calculations-and-references,Gasoline consumed,s/f; factores referidos a regla de 2010,2026-10-06,benchmark EUA,oficial,E,"CO2 combustión, no CO2e mexicano",Ejemplo separado de electricidad,,B
E03,Diésel factor EPA,10.18,registrado,kgCO2/galón estadounidense,,,S20,Greenhouse Gas Equivalencies Calculator: Calculations and References,https://www.epa.gov/energy/greenhouse-gas-equivalencies-calculator-calculations-and-references,Diesel consumed,s/f; factores referidos a regla de 2010,2026-10-06,benchmark EUA,oficial,E,No combustible actual confirmado,Referencia alternativa; no baseline,,B
H01,Distancia sintética central,180,supuesto,km/día,90,270,S21,"Hipótesis, cálculos y pendientes de esta investigación",docs/investigacion/ruta1/investigacion-ruta1.md,Ejemplo genérico,2026-10-06,2026-10-06,ejemplo genérico,supuesto,F,Elección de sensibilidad; no medición/cotización del ramal,Sólo ejemplo genérico,,F
H02,Rendimiento gasolina sintético,6,supuesto,km/L,,,S21,"Hipótesis, cálculos y pendientes de esta investigación",docs/investigacion/ruta1/investigacion-ruta1.md,Ejemplo genérico,2026-10-06,2026-10-06,ejemplo genérico,supuesto,F,Elección de sensibilidad; no medición/cotización del ramal,Sólo ejemplo genérico,,F
H03,Precio gasolina sintético,24,supuesto,MXN/L,,,S21,"Hipótesis, cálculos y pendientes de esta investigación",docs/investigacion/ruta1/investigacion-ruta1.md,Ejemplo genérico,2026-10-06,2026-10-06,ejemplo genérico,supuesto,F,Elección de sensibilidad; no medición/cotización del ramal,Sólo ejemplo genérico,,F
H04,Consumo sintético batería,0.3,supuesto,kWh/km,0.25,0.4,S21,"Hipótesis, cálculos y pendientes de esta investigación",docs/investigacion/ruta1/investigacion-ruta1.md,Ejemplo genérico,2026-10-06,2026-10-06,ejemplo genérico,supuesto,F,Elección de sensibilidad; no medición/cotización del ramal,Sólo ejemplo genérico,,F
H05,Eficiencia sintética carga,0.9,supuesto,fracción,,,S21,"Hipótesis, cálculos y pendientes de esta investigación",docs/investigacion/ruta1/investigacion-ruta1.md,Ejemplo genérico,2026-10-06,2026-10-06,ejemplo genérico,supuesto,F,Elección de sensibilidad; no medición/cotización del ramal,Sólo ejemplo genérico,,F
H06,Precio sintético energía,4,supuesto,MXN/kWh,,,S21,"Hipótesis, cálculos y pendientes de esta investigación",docs/investigacion/ruta1/investigacion-ruta1.md,Ejemplo genérico,2026-10-06,2026-10-06,ejemplo genérico,supuesto,F,Elección de sensibilidad; no medición/cotización del ramal,Sólo ejemplo genérico,,F
H07,Potencia sintética entrada cargador,11,supuesto,kW,,,S21,"Hipótesis, cálculos y pendientes de esta investigación",docs/investigacion/ruta1/investigacion-ruta1.md,Ejemplo genérico,2026-10-06,2026-10-06,ejemplo genérico,supuesto,F,Elección de sensibilidad; no medición/cotización del ramal,Sólo ejemplo genérico,,F
H08,Fracción sintética SOC accesible,0.8,supuesto,fracción,,,S21,"Hipótesis, cálculos y pendientes de esta investigación",docs/investigacion/ruta1/investigacion-ruta1.md,Ejemplo genérico,2026-10-06,2026-10-06,ejemplo genérico,supuesto,F,Elección de sensibilidad; no medición/cotización del ramal,Sólo ejemplo genérico,"Ventana SOC 10%–90%, nominal totalmente accesible",F
H09,Días sintéticos de operación,26,supuesto,días/mes,,,S21,"Hipótesis, cálculos y pendientes de esta investigación",docs/investigacion/ruta1/investigacion-ruta1.md,Ejemplo genérico,2026-10-06,2026-10-06,ejemplo genérico,supuesto,F,Elección de sensibilidad; no medición/cotización del ramal,Sólo ejemplo genérico,,F
H10,Precio sintético adquisición,1350000,supuesto,MXN,,,S21,"Hipótesis, cálculos y pendientes de esta investigación",docs/investigacion/ruta1/investigacion-ruta1.md,Ejemplo genérico,2026-10-06,2026-10-06,ejemplo genérico,supuesto,F,Elección de sensibilidad; no medición/cotización del ramal,Sólo ejemplo genérico,,F
H11,Enganche sintético,0.2,supuesto,fracción,,,S21,"Hipótesis, cálculos y pendientes de esta investigación",docs/investigacion/ruta1/investigacion-ruta1.md,Ejemplo genérico,2026-10-06,2026-10-06,ejemplo genérico,supuesto,F,Elección de sensibilidad; no medición/cotización del ramal,Sólo ejemplo genérico,,F
H12,Tasa sintética nominal anual,0.12,supuesto,fracción/año,,,S21,"Hipótesis, cálculos y pendientes de esta investigación",docs/investigacion/ruta1/investigacion-ruta1.md,Ejemplo genérico,2026-10-06,2026-10-06,ejemplo genérico,supuesto,F,Elección de sensibilidad; no medición/cotización del ramal,Sólo ejemplo genérico,,F
H13,Plazo sintético,60,supuesto,meses,,,S21,"Hipótesis, cálculos y pendientes de esta investigación",docs/investigacion/ruta1/investigacion-ruta1.md,Ejemplo genérico,2026-10-06,2026-10-06,ejemplo genérico,supuesto,F,Elección de sensibilidad; no medición/cotización del ramal,Sólo ejemplo genérico,,F
D01,Energía diaria en batería,54,registrado,kWh/día,,,S21,"Hipótesis, cálculos y pendientes de esta investigación",docs/investigacion/ruta1/investigacion-ruta1.md,Ejemplo genérico; Emisiones,2026-10-06,2026-10-06,ejemplo genérico,derivado,F,Hereda supuestos F y límites de sus factores; no resultado Ruta 1,Demostración aritmética; no viabilidad,H01 × H04,E
D02,Energía comprada diaria,60,registrado,kWh/día,,,S21,"Hipótesis, cálculos y pendientes de esta investigación",docs/investigacion/ruta1/investigacion-ruta1.md,Ejemplo genérico; Emisiones,2026-10-06,2026-10-06,ejemplo genérico,derivado,F,Hereda supuestos F y límites de sus factores; no resultado Ruta 1,Demostración aritmética; no viabilidad,D01 / H05,E
D03,Horas ideales carga,5.4545454545,registrado,h/día,,,S21,"Hipótesis, cálculos y pendientes de esta investigación",docs/investigacion/ruta1/investigacion-ruta1.md,Ejemplo genérico; Emisiones,2026-10-06,2026-10-06,ejemplo genérico,derivado,F,Hereda supuestos F y límites de sus factores; no resultado Ruta 1,Demostración aritmética; no viabilidad,D02 / H07,E
D04,Ahorro energético diario,480,registrado,MXN/día,,,S21,"Hipótesis, cálculos y pendientes de esta investigación",docs/investigacion/ruta1/investigacion-ruta1.md,Ejemplo genérico; Emisiones,2026-10-06,2026-10-06,ejemplo genérico,derivado,F,Hereda supuestos F y límites de sus factores; no resultado Ruta 1,Demostración aritmética; no viabilidad,H01/H02×H03 − D02×H06,E
D05,Ahorro energético mensual,12480,registrado,MXN/mes,,,S21,"Hipótesis, cálculos y pendientes de esta investigación",docs/investigacion/ruta1/investigacion-ruta1.md,Ejemplo genérico; Emisiones,2026-10-06,2026-10-06,ejemplo genérico,derivado,F,Hereda supuestos F y límites de sus factores; no resultado Ruta 1,Demostración aritmética; no viabilidad,D04 × H09,E
D06,Energía hipotética accesible,56.3832,registrado,kWh,,,S21;S13,"Hipótesis, cálculos y pendientes de esta investigación; Modelos KINGO",docs/investigacion/ruta1/investigacion-ruta1.md; https://kinglong.mx/modelos/,Ejemplo genérico; Emisiones,2026-10-06; s/f; web modelos 2027,2026-10-06,ejemplo genérico,derivado,F,Hereda supuestos F y límites de sus factores; no resultado Ruta 1,Demostración aritmética; no viabilidad,V04 × H08,E
D07,Autonomía sintética de estrés,140.958–225.5328,registrado,km,,,S21;S13,"Hipótesis, cálculos y pendientes de esta investigación; Modelos KINGO",docs/investigacion/ruta1/investigacion-ruta1.md; https://kinglong.mx/modelos/,Ejemplo genérico; Emisiones,2026-10-06; s/f; web modelos 2027,2026-10-06,ejemplo genérico,derivado,F,Hereda supuestos F y límites de sus factores; no resultado Ruta 1,Demostración aritmética; no viabilidad,D06 / extremos H04,E
D08,Enganche sintético en pesos,270000,registrado,MXN,,,S21,"Hipótesis, cálculos y pendientes de esta investigación",docs/investigacion/ruta1/investigacion-ruta1.md,Ejemplo genérico; Emisiones,2026-10-06,2026-10-06,ejemplo genérico,derivado,F,Hereda supuestos F y límites de sus factores; no resultado Ruta 1,Demostración aritmética; no viabilidad,H10 × H11,E
D09,Principal sintético,1080000,registrado,MXN,,,S21,"Hipótesis, cálculos y pendientes de esta investigación",docs/investigacion/ruta1/investigacion-ruta1.md,Ejemplo genérico; Emisiones,2026-10-06,2026-10-06,ejemplo genérico,derivado,F,Hereda supuestos F y límites de sus factores; no resultado Ruta 1,Demostración aritmética; no viabilidad,H10 − D08,E
D10,Pago sintético mensual,24024.0034997,registrado,MXN/mes,,,S21,"Hipótesis, cálculos y pendientes de esta investigación",docs/investigacion/ruta1/investigacion-ruta1.md,Ejemplo genérico; Emisiones,2026-10-06,2026-10-06,ejemplo genérico,derivado,F,Hereda supuestos F y límites de sus factores; no resultado Ruta 1,Demostración aritmética; no viabilidad,D09×(H12/12)/(1−(1+H12/12)^(-H13)),E
D11,Brecha pago menos ahorro energético,11544.0034997,registrado,MXN/mes,,,S21,"Hipótesis, cálculos y pendientes de esta investigación",docs/investigacion/ruta1/investigacion-ruta1.md,Ejemplo genérico; Emisiones,2026-10-06,2026-10-06,ejemplo genérico,derivado,F,Hereda supuestos F y límites de sus factores; no resultado Ruta 1,Demostración aritmética; no viabilidad,D10 − D05,E
D12,Gasolina factor convertido,2.3476970293,registrado,kgCO2/L,,,S21;S20,"Hipótesis, cálculos y pendientes de esta investigación; Greenhouse Gas Equivalencies Calculator: Calculations and References",docs/investigacion/ruta1/investigacion-ruta1.md; https://www.epa.gov/energy/greenhouse-gas-equivalencies-calculator-calculations-and-references,Ejemplo genérico; Emisiones,2026-10-06; s/f; factores referidos a regla de 2010,2026-10-06,ejemplo genérico,derivado,E,Hereda supuestos F y límites de sus factores; no resultado Ruta 1,Demostración aritmética; no viabilidad,E02 / 3.785411784 L/galón estadounidense,E
D13,CO2 combustión ejemplo,70.4309108792,registrado,kgCO2/día,,,S21;S20,"Hipótesis, cálculos y pendientes de esta investigación; Greenhouse Gas Equivalencies Calculator: Calculations and References",docs/investigacion/ruta1/investigacion-ruta1.md; https://www.epa.gov/energy/greenhouse-gas-equivalencies-calculator-calculations-and-references,Ejemplo genérico; Emisiones,2026-10-06; s/f; factores referidos a regla de 2010,2026-10-06,ejemplo genérico,derivado,F,Hereda supuestos F y límites de sus factores; no resultado Ruta 1,Demostración aritmética; no viabilidad,H01 / H02 × D12,E
D14,CO2e eléctrico ejemplo,26.64,registrado,kgCO2e/día,,,S21;S18,"Hipótesis, cálculos y pendientes de esta investigación; Aviso FESEN 2024",docs/investigacion/ruta1/investigacion-ruta1.md; https://www.gob.mx/cms/uploads/attachment/file/981194/aviso_fesen_2024.pdf,Ejemplo genérico; Emisiones,2026-10-06; 2025-02-28,2026-10-06,ejemplo genérico,derivado,F,Hereda supuestos F y límites de sus factores; no resultado Ruta 1,Demostración aritmética; no viabilidad,D02 × E01,E
N01,Pedregales continuidad,No continuó: insuficientes solicitudes para integrar empresa,registrado,texto,,,S26,Informe anual FIFINTRA 2023,https://www.semovi.cdmx.gob.mx/storage/app/media/FIFINTRA/4.%20Informes%20y%20beneficiarios/2023/2023_Informe%20ANUAL_FIFINTRA.pdf,"PDF 16 (impresa 15), Pedregales",2023,2026-10-06,corredor,oficial,B,Antecedente 2023; no causa técnica BEV del ramal,Contexto/validación; no baseline de Ruta 1,,
N02,Recorridos geográficos publicados de ruta,995,registrado,recorridos,,,S22,Ubicación de rutas del Transporte Público Concesionado de Ruta,https://www.datos.cdmx.gob.mx/dataset/ubicacion-de-rutas-del-transporte-publico-concesionado-de-ruta,Descripción y recursos KMZ/SHP; diccionario XLSX,2021–2022; no actualizado operativamente por fecha de portal,2026-10-06,CDMX,oficial,C,No extracción por ramal; recurso 2022 no acredita operación 2026,Contexto/validación; no baseline de Ruta 1,,
N03,Actualización recurso corredores/servicios zonales,2024-05-08,registrado,fecha,,,S23,Ubicación de rutas y paradas del Transporte Concesionado de Corredores y Servicios Zonales,https://datos.cdmx.gob.mx/dataset/rutas-y-corredores-del-transporte-publico-concesionado,"Descripción, recursos y licencia del catálogo",2024; metadatos del portal posteriores no cambian fecha del recurso,2026-10-06,CDMX,oficial,C,Universo distinto; no Ruta 1 específica verificada,Contexto/validación; no baseline de Ruta 1,,
N04,Bono eléctrico anunciado 2026,900000,registrado,MXN/unidad,,,S27,Anuncio de bonos para sustitución de microbuses,https://www.jefaturadegobierno.cdmx.gob.mx/comunicacion/nota/adios-microbuses-que-superen-su-vida-util-clara-brugada-quien-anuncia-bonos-de-hasta-un-millon-800-mil-pesos-para-quienes-hagan-ese-cambio,Bonos eléctricos y búsqueda de complementos,Anuncio 2026; ejecución por ramal no recuperada,2026-10-06,CDMX,oficial,C,Anuncio; elegibilidad/desembolso/reglas para ramal pendientes,Contexto/validación; no baseline de Ruta 1,,
N05,Complemento máximo buscado anunciado,1800000,registrado,MXN/unidad,,,S27,Anuncio de bonos para sustitución de microbuses,https://www.jefaturadegobierno.cdmx.gob.mx/comunicacion/nota/adios-microbuses-que-superen-su-vida-util-clara-brugada-quien-anuncia-bonos-de-hasta-un-millon-800-mil-pesos-para-quienes-hagan-ese-cambio,Bonos eléctricos y búsqueda de complementos,Anuncio 2026; ejecución por ramal no recuperada,2026-10-06,CDMX,oficial,C,Intención sujeta a fondos complementarios; no beneficio garantizado,Contexto/validación; no baseline de Ruta 1,,
N06,Vida de sustitución legal general,10,registrado,años desde fabricación,,,S29,Ley de Movilidad de la Ciudad de México: compilación,https://paot.org.mx/centro/leyes-normas-htmls/ley-de-movilidad-1440.html,"Artículos 97, 99, 118–120; encabezado de reformas",Compilación consultada 2026; reforma indicada 2025,2026-10-06,CDMX,oficial,C,Art.97; eléctricos/sustentables excluidos conforme manual; no edad de flota,Contexto/validación; no baseline de Ruta 1,,
N07,Reglamento Transporte 2003,Abrogado por transitorio tercero del Reglamento Ley Movilidad,registrado,texto,,,S30,Reglamento de la Ley de Movilidad CDMX: compilación,https://paot.org.mx/centro/leyes-normas-htmls/reglamento-de-la-1947.html,Art. 48 y secciones CETRAM; transitorio tercero de versión original,Compilación consultada 2026; reformas hasta 2025 indicadas,2026-10-06,CDMX,oficial,C,No tratar como marco vigente por sí solo,Contexto/validación; no baseline de Ruta 1,,
N08,Portal revista de ruta 2026,Existe portal con acceso por identificadores,registrado,texto,,,S31,Portal de Revista de Ruta 2026,https://app.semovi.cdmx.gob.mx/revista_ruta_2026/,Pantalla de acceso,2026,2026-10-06,CDMX,oficial,C,No se accedió a padrón o resultados,Contexto/validación; no baseline de Ruta 1,,
N09,KINGO gasolina: precio comercial clase comparable,829900,registrado,MXN IVA incluido,,,S13,Modelos KINGO,https://kinglong.mx/modelos/,KINGO EV 16 pasajeros; dimensiones; batería; precio,Oferta comercial mexicana,2026-10-06,México comparable,comercial,D,No unidad actual; precio web sin cotización/entrega/versión vinculante,Contexto/validación; no baseline de Ruta 1,,
N10,Gree candidato clase minibús,GTQ6600BEVB30,registrado,modelo,,,S32,Catálogo Minibus México: GTQ6600BEVB30,https://greebus.com.mx/product/minibus,"Tabla GTQ6600BEVB30: dimensiones, capacidad, batería y peso",Catálogo sin fecha de versión,2026-10-06,México comparable,comercial,D,Ficha por índice; no selección ni aprobación de ramal,Contexto/validación; no baseline de Ruta 1,,
N11,Gree capacidad total anunciada,28,registrado,personas,,,S32,Catálogo Minibus México: GTQ6600BEVB30,https://greebus.com.mx/product/minibus,"Tabla GTQ6600BEVB30: dimensiones, capacidad, batería y peso",Catálogo sin fecha de versión,2026-10-06,México comparable,comercial,D,Confirmar pasajeros/conductor y plazas autorizadas; no equivalencia con van16,Contexto/validación; no baseline de Ruta 1,,
N12,Gree asientos publicados,10–14,registrado,asientos,10,14,S32,Catálogo Minibus México: GTQ6600BEVB30,https://greebus.com.mx/product/minibus,"Tabla GTQ6600BEVB30: dimensiones, capacidad, batería y peso",Catálogo sin fecha de versión,2026-10-06,México comparable,comercial,D,Configuración exacta por confirmar; no sumarlos a28,Contexto/validación; no baseline de Ruta 1,,
N13,Gree dimensiones,5.985 × 2.060 × 2.950–3.050,registrado,m largo/ancho/alto,,,S32,Catálogo Minibus México: GTQ6600BEVB30,https://greebus.com.mx/product/minibus,"Tabla GTQ6600BEVB30: dimensiones, capacidad, batería y peso",Catálogo sin fecha de versión,2026-10-06,México comparable,comercial,D,Altura depende versión; confirmar giros y acceso,Contexto/validación; no baseline de Ruta 1,,
N14,Gree batería publicada,95.257,registrado,kWh,,,S32,Catálogo Minibus México: GTQ6600BEVB30,https://greebus.com.mx/product/minibus,"Tabla GTQ6600BEVB30: dimensiones, capacidad, batería y peso",Catálogo sin fecha de versión,2026-10-06,México comparable,comercial,D,No útil; columna Power(kWh) de catálogo; no potencia kW,Contexto/validación; no baseline de Ruta 1,,
N15,Gree masa máxima publicada,6200,registrado,kg,,,S32,Catálogo Minibus México: GTQ6600BEVB30,https://greebus.com.mx/product/minibus,"Tabla GTQ6600BEVB30: dimensiones, capacidad, batería y peso",Catálogo sin fecha de versión,2026-10-06,México comparable,comercial,D,Confirmar variante y masa con pasajeros,Contexto/validación; no baseline de Ruta 1,,
N16,ICCT consumo monitoreo articulado CDMX,0.86–1.0,registrado,kWh/km,0.86,1.0,S34,Análisis del desempeño de autobús eléctrico en CDMX,https://theicct.org/publication/mexico-hvs-zebra-analysis-elec-bus-performance-cdmx-jan23/,"Resumen: diez meses, consumo y disponibilidad",Monitoreo histórico; publicación 2023,2026-10-06,CDMX comparable,observado,C,"Medición del estudio, no equipo ni van; no transferir a Ruta 1; frontera a revisar en PDF",Contexto/validación; no baseline de Ruta 1,,
N17,ICCT disponibilidad reportada,99,registrado,%,,,S34,Análisis del desempeño de autobús eléctrico en CDMX,https://theicct.org/publication/mexico-hvs-zebra-analysis-elec-bus-performance-cdmx-jan23/,"Resumen: diez meses, consumo y disponibilidad",Monitoreo histórico; publicación 2023,2026-10-06,CDMX comparable,observado,C,Piloto articulado histórico; no garantía o disponibilidad de candidatos,Contexto/validación; no baseline de Ruta 1,,
N18,Normas de autobuses referidas por SEMOVI,Avisos 2022-10-27 y 2023-05-09,registrado,fechas/documentos,,,S56,Lineamientos Fase 2 Azcapotzalco: referencia a normas técnicas de autobuses,https://www.semovi.cdmx.gob.mx/storage/app/media/Servicios_zonales/Azcapotzalco/1.%20Publicaciones/1.7%20Lineamientos%20Fase%202.pdf,Anexo de carpeta técnica; tabla de accesibilidad y nota (*),Avisos citados 2022–2023; versión del anexo pendiente,2026-10-06,CDMX comparable,oficial,C,Avisos completos y aplicabilidad por clase pendientes,Contexto/validación; no baseline de Ruta 1,,
N19,DENUE edición localizada,2026,registrado,año,,,S37,"DENUE, edición 2026: ficha de descarga",https://www.inegi.org.mx/app/descarga/ficha.html?ag=0&f=csv&tit=3615691,Identificador MEX-INEGI.EEC2.05-DENUE-2026; descarga CSV,Edición 2026; cobertura de cada unidad a verificar,2026-10-06,México comparable,oficial,D,No viajes ni empleo exacto; archivo CDMX no descargado,Contexto/validación; no baseline de Ruta 1,,
N20,RAMA licencia declarada,CC BY 4.0,registrado,licencia,,,S38,Red Automática de Monitoreo Atmosférico (RAMA),https://www.datos.cdmx.gob.mx/dataset/red-automatica-de-monitoreo-atmosferico,"Descripción, variables y licencia CC BY 4.0",Desde 2015; cobertura final no comprobada,2026-10-06,zona,oficial,B,No estación específica o registros válidos seleccionados,Contexto/validación; no baseline de Ruta 1,,
