fecha_consulta,bloque,consultas_y_variantes,fuentes_resultantes,resultado,estado_cierre
2026-10-06,Ruta y operación,"""Ruta 1"" ""Metro Universidad"" ""San Fernando""; ""Ruta 1"" Huipulco; site:datos.cdmx.gob.mx ""concesionado de ruta""",S01;S02;S03;S22;S23;S24,Identidad catalogada; GIS histórico y GTFS localizados; continuidad no confirmada,"Revisión pública cerrada con huecos; consultas temáticas resumidas, no log literal de cada llamada"
2026-10-06,Demanda,"""Ruta 1"" ""San Fernando"" pasajeros demanda aforo; site:semovi.cdmx.gob.mx Ruta 1 demanda",S07;S37,Sin demanda propia; agregados no atribuibles,"Revisión pública cerrada con huecos; consultas temáticas resumidas, no log literal de cada llamada"
2026-10-06,Flota actual,"""Ruta 1"" ""San Fernando"" unidades flota; site:semovi.cdmx.gob.mx revista ruta 2026",S31;S29,Sin padrón por ramal; portal revista no abierto,"Revisión pública cerrada con huecos; consultas temáticas resumidas, no log literal de cada llamada"
2026-10-06,Condiciones del servicio,"""Ruta 1"" Huipulco mantenimiento quejas siniestros; ""Ruta 1"" ""2026"" Estadio",S31;S49,Sin serie específica; testimonio cualitativo delimitado,"Revisión pública cerrada con huecos; consultas temáticas resumidas, no log literal de cada llamada"
2026-10-06,Costos actuales,KINGO gasolina 16 pasajeros precio México; site:datos.profeco.gob.mx combustibles,S13;S33;S44,Comparador comercial; sin costos operativos actuales,"Revisión pública cerrada con huecos; consultas temáticas resumidas, no log literal de cada llamada"
2026-10-06,Alternativa eléctrica,KINGO EV México ficha técnica; Gree México minibus GTQ6600BEVB30,S13;S14;S32;S34;S56,Dos candidatos de distinta clase; equivalencia pendiente,"Revisión pública cerrada con huecos; consultas temáticas resumidas, no log literal de cada llamada"
2026-10-06,Perfil físico,site:inegi.org.mx modelos digitales elevación CEM; site:datos.cdmx.gob.mx rutas SHP KMZ,S22;S23;S24;S35;S55,Licencias y productos GIS localizados; no perfil calculado,"Revisión pública cerrada con huecos; consultas temáticas resumidas, no log literal de cada llamada"
2026-10-06,Energía y carga,site:cfe.mx PDBT GDMTO; site:dof.gob.mx electromovilidad infraestructura carga; CNE tarifas 2026,S15;S16;S41;S42;S43,"Categorías/regulación; sin patio, tarifa exacta o conexión","Revisión pública cerrada con huecos; consultas temáticas resumidas, no log literal de cada llamada"
2026-10-06,Línea 14,"site:ste.cdmx.gob.mx ""Línea 14""; ""Línea 14"" ""Ruta 95""; Universidad Huipulco inauguración 2026",S05;S06;S07;S08;S09;S48,Apertura reportada; geografía delimitada; convenios/series pendientes,"Revisión pública cerrada con huecos; consultas temáticas resumidas, no log literal de cada llamada"
2026-10-06,Ambiente,site:gob.mx factor emisión eléctrico COA 2026; site:sedema.cdmx.gob.mx inventario emisiones ZMVM 2020,S18;S19;S20;S38;S40;S57,Factor histórico y aviso nuevo pendiente; sin beneficio del ramal,"Revisión pública cerrada con huecos; consultas temáticas resumidas, no log literal de cada llamada"
2026-10-06,Zona de Hospitales,site:incan.salud.gob.mx San Fernando; site:dof.gob.mx institutos domicilios; INEGI DENUE 2026; SEDEMA RAMA estaciones,S11;S12;S37;S38;S39,Domicilios y directorios; accesos/movilidad propia pendientes,"Revisión pública cerrada con huecos; consultas temáticas resumidas, no log literal de cada llamada"
2026-10-06,Economía y transición justa,"""Servicio Zonal Pedregales"" ""Ruta 1""; FIFINTRA Informe ANUAL 2023; Jefatura bonos eléctricos 2026; NAFIN autotransporte federal",S10;S17;S26;S27;S28;S33;S45;S46;S47,Pedregales no continuó; anuncio 2026 no elegibilidad; sin ingreso/crédito,"Revisión pública cerrada con huecos; consultas temáticas resumidas, no log literal de cada llamada"
2026-10-06,Parámetros TCO,site:theicct.org México Metrobús TCO flota eléctrica; México batería garantía mantenimiento bus eléctrico,S13;S32;S33,Precedentes y variables; no TCO final,"Revisión pública cerrada con huecos; consultas temáticas resumidas, no log literal de cada llamada"
2026-10-06,Regulación,site:paot.org.mx ley movilidad artículo 97; Reglamento Ley Movilidad abroga 2003; NOM-045-SEMARNAT-2017,S29;S30;S31;S41;S42;S43;S56;S57,2003 abrogado; normas actuales parciales y aplicabilidad pendiente,"Revisión pública cerrada con huecos; consultas temáticas resumidas, no log literal de cada llamada"
